Id,Neighborhood,Date,Price,NetArea,GrossArea,NumberOfRoom,AgeOfBuilding,LocatedFloor,TotalFloor,Bathroom,Balcony,Furniture,RentIncome
644083584,Egitim ,9.05.2019,167.00,65.00,75.00,3.00,30.00,1.00,4.00,1.00,1.00,0.00,1.00
696137168,Hasanpasa ,28.05.2019,175.00,95.00,100.00,3.00,0.00,1.00,5.00,1.00,1.00,0.00,0.00
696813140,Hasanpasa ,31.05.2019,199.00,55.00,65.00,2.00,4.00,-1.00,3.00,1.00,0.00,0.00,0.00
670399423,Hasanpasa ,20.05.2019,220.00,70.00,85.00,3.00,7.00,-1.00,4.00,1.00,1.00,0.00,1.00
694947045,Hasanpasa ,23.05.2019,225.00,65.00,70.00,3.00,25.00,-1.00,4.00,1.00,1.00,0.00,0.00
593649128,Hasanpasa ,22.05.2019,240.00,75.00,90.00,3.00,7.00,0.00,4.00,1.00,0.00,0.00,1.00
593271716,Hasanpasa ,18.05.2019,240.00,75.00,75.00,3.00,7.00,-1.00,3.00,1.00,0.00,0.00,1.00
688996025,Hasanpasa ,29.05.2019,242.00,75.00,85.00,3.00,25.00,0.00,5.00,1.00,1.00,0.00,0.00
680865167,Hasanpasa ,6.05.2019,245.00,80.00,90.00,3.00,28.00,0.00,6.00,1.00,1.00,0.00,0.00
663447041,Hasanpasa ,21.02.2019,250.00,60.00,70.00,2.00,30.00,1.00,4.00,1.00,1.00,0.00,0.00
689718949,Hasanpasa ,1.05.2019,250.00,55.00,55.00,2.00,13.00,0.00,4.00,1.00,1.00,0.00,0.00
687072554,Hasanpasa ,27.05.2019,250.00,80.00,110.00,3.00,18.00,0.00,4.00,1.00,1.00,0.00,1.00
644494494,Hasanpasa ,8.05.2019,255.00,75.00,85.00,3.00,30.00,0.00,5.00,1.00,0.00,0.00,1.00
665891872,Hasanpasa ,3.05.2019,255.00,70.00,85.00,3.00,30.00,-1.00,4.00,1.00,0.00,0.00,0.00
691937105,Hasanpasa ,10.05.2019,260.00,75.00,80.00,3.00,25.00,0.00,4.00,1.00,1.00,0.00,0.00
669611686,Hasanpasa ,7.05.2019,260.00,50.00,65.00,3.00,30.00,-1.00,6.00,1.00,0.00,0.00,0.00
684739341,Hasanpasa ,17.05.2019,265.00,50.00,60.00,2.00,7.00,-1.00,5.00,1.00,0.00,0.00,1.00
573667267,Hasanpasa ,16.05.2019,270.00,50.00,60.00,2.00,0.00,0.00,3.00,1.00,1.00,0.00,0.00
662395521,Hasanpasa ,22.05.2019,274.00,60.00,65.00,3.00,30.00,1.00,4.00,1.00,1.00,0.00,1.00
654568126,Hasanpasa ,20.05.2019,275.00,80.00,95.00,3.00,30.00,3.00,3.00,1.00,1.00,0.00,1.00
602891547,Hasanpasa ,7.09.2018,275.00,60.00,70.00,2.00,30.00,1.00,4.00,1.00,0.00,1.00,0.00
590093369,Hasanpasa ,25.05.2019,285.00,55.00,60.00,2.00,25.00,4.00,4.00,1.00,0.00,1.00,0.00
686771144,Feneryolu ,23.05.2019,290.00,75.00,90.00,3.00,28.00,0.00,4.00,1.00,1.00,0.00,1.00
600883049,Goztepe ,3.05.2019,295.00,50.00,55.00,2.00,28.00,1.00,3.00,1.00,1.00,0.00,0.00
660800172,Hasanpasa ,19.05.2019,295.00,55.00,65.00,2.00,18.00,4.00,4.00,1.00,0.00,0.00,0.00
657275274,Hasanpasa ,9.05.2019,299.00,39.00,65.00,1.00,0.00,1.00,3.00,1.00,1.00,0.00,1.00
688431916,Hasanpasa ,29.05.2019,310.00,75.00,80.00,3.00,30.00,3.00,3.00,1.00,1.00,0.00,1.00
590640882,Feneryolu ,10.05.2019,315.00,60.00,70.00,2.00,30.00,0.00,3.00,2.00,1.00,0.00,0.00
686170215,Hasanpasa ,21.05.2019,320.00,70.00,85.00,3.00,28.00,3.00,3.00,2.00,1.00,0.00,1.00
687078835,Hasanpasa ,30.05.2019,320.00,90.00,100.00,3.00,2.00,0.00,3.00,2.00,1.00,0.00,0.00
420962315,Egitim ,11.05.2019,320.00,76.00,90.00,3.00,28.00,1.00,7.00,1.00,1.00,0.00,0.00
688784522,Hasanpasa ,28.04.2019,325.00,90.00,90.00,3.00,4.00,0.00,5.00,1.00,0.00,0.00,1.00
645435784,Hasanpasa ,5.05.2019,325.00,100.00,120.00,3.00,25.00,-1.00,5.00,1.00,1.00,0.00,1.00
620770693,Egitim ,31.10.2018,325.00,70.00,80.00,3.00,7.00,0.00,4.00,1.00,1.00,0.00,0.00
637847430,Hasanpasa ,22.05.2019,325.00,75.00,90.00,3.00,30.00,0.00,4.00,1.00,0.00,0.00,1.00
649401226,Hasanpasa ,3.05.2019,330.00,57.00,65.00,2.00,2.00,1.00,3.00,1.00,0.00,0.00,1.00
647594552,Feneryolu ,22.05.2019,330.00,68.00,80.00,3.00,30.00,-1.00,4.00,1.00,0.00,0.00,1.00
589554468,Hasanpasa ,17.05.2019,330.00,82.00,90.00,3.00,25.00,6.00,5.00,1.00,1.00,0.00,1.00
677572577,Goztepe ,28.05.2019,330.00,70.00,90.00,3.00,30.00,0.00,4.00,1.00,1.00,0.00,0.00
679430000,Hasanpasa ,6.05.2019,330.00,85.00,95.00,3.00,0.00,1.00,4.00,2.00,0.00,0.00,0.00
668026765,Goztepe ,16.05.2019,330.00,80.00,100.00,3.00,28.00,0.00,4.00,1.00,1.00,0.00,0.00
649474176,Goztepe ,21.05.2019,340.00,55.00,65.00,2.00,4.00,0.00,5.00,1.00,1.00,0.00,0.00
629136576,Goztepe ,1.05.2019,345.00,50.00,58.00,2.00,0.00,0.00,10.00,1.00,0.00,0.00,0.00
684319860,Hasanpasa ,15.05.2019,345.00,95.00,120.00,4.00,30.00,2.00,4.00,1.00,1.00,0.00,1.00
653458993,Egitim ,31.05.2019,345.00,58.00,58.00,2.00,7.00,1.00,5.00,1.00,0.00,0.00,0.00
410186818,Hasanpasa ,5.05.2019,350.00,85.00,90.00,3.00,30.00,3.00,4.00,1.00,1.00,0.00,0.00
633939099,Feneryolu ,18.05.2019,350.00,70.00,90.00,3.00,30.00,1.00,3.00,1.00,1.00,0.00,0.00
642190601,Hasanpasa ,10.05.2019,350.00,90.00,110.00,3.00,28.00,5.00,5.00,1.00,1.00,0.00,1.00
680838902,Goztepe ,6.05.2019,350.00,75.00,85.00,3.00,30.00,0.00,4.00,1.00,1.00,0.00,1.00
694583809,Feneryolu ,21.05.2019,350.00,50.00,65.00,3.00,30.00,1.00,3.00,1.00,1.00,0.00,0.00
693300295,Hasanpasa ,16.05.2019,360.00,70.00,75.00,3.00,28.00,4.00,5.00,1.00,1.00,0.00,1.00
691124496,Hasanpasa ,7.05.2019,360.00,44.00,60.00,2.00,0.00,2.00,4.00,1.00,0.00,0.00,0.00
333207567,Hasanpasa ,11.05.2019,360.00,110.00,120.00,4.00,25.00,1.00,5.00,1.00,1.00,0.00,1.00
695527940,Hasanpasa ,25.05.2019,360.00,60.00,78.00,3.00,28.00,3.00,3.00,2.00,1.00,0.00,1.00
573405675,Hasanpasa ,9.05.2019,360.00,50.00,70.00,2.00,0.00,1.00,3.00,1.00,0.00,0.00,0.00
695927198,Goztepe ,27.05.2019,363.00,55.00,70.00,2.00,0.00,0.00,7.00,1.00,0.00,0.00,0.00
674833365,Goztepe ,22.05.2019,364.00,56.00,70.00,2.00,0.00,0.00,7.00,1.00,0.00,0.00,0.00
633223100,Fenerbahce ,18.05.2019,365.00,40.00,40.00,1.00,0.00,0.00,4.00,1.00,0.00,0.00,0.00
695951609,Goztepe ,27.05.2019,365.00,55.00,70.00,2.00,0.00,0.00,7.00,1.00,0.00,0.00,0.00
694088887,Goztepe ,19.05.2019,365.00,55.00,70.00,2.00,0.00,0.00,7.00,1.00,0.00,0.00,0.00
695009615,Goztepe ,23.05.2019,365.00,50.00,80.00,2.00,0.00,0.00,5.00,1.00,0.00,0.00,0.00
691646768,Goztepe ,9.05.2019,365.00,55.00,70.00,2.00,0.00,0.00,7.00,1.00,0.00,0.00,0.00
526177759,Hasanpasa ,13.05.2019,370.00,80.00,80.00,3.00,28.00,2.00,4.00,1.00,1.00,0.00,1.00
603265271,Hasanpasa ,7.05.2019,370.00,85.00,95.00,4.00,28.00,3.00,3.00,1.00,1.00,1.00,1.00
657840228,Goztepe ,17.05.2019,370.00,85.00,100.00,3.00,30.00,0.00,3.00,1.00,1.00,0.00,0.00
662833608,Hasanpasa ,24.05.2019,375.00,75.00,85.00,3.00,30.00,0.00,4.00,1.00,1.00,0.00,0.00
690933849,Goztepe ,6.05.2019,375.00,57.00,75.00,2.00,0.00,0.00,8.00,1.00,0.00,0.00,0.00
694739117,Hasanpasa ,22.05.2019,379.00,70.00,75.00,3.00,25.00,2.00,4.00,1.00,1.00,0.00,1.00
670004774,Hasanpasa ,9.03.2019,380.00,65.00,70.00,3.00,18.00,2.00,4.00,1.00,1.00,0.00,1.00
677220559,Hasanpasa ,7.05.2019,380.00,68.00,85.00,3.00,18.00,1.00,5.00,1.00,1.00,1.00,0.00
623470856,Hasanpasa ,10.05.2019,385.00,80.00,90.00,3.00,3.00,-1.00,3.00,2.00,1.00,0.00,1.00
622727443,Kadikoy,11.05.2019,385.00,80.00,80.00,3.00,0.00,0.00,3.00,1.00,0.00,0.00,0.00
659122464,Feneryolu ,26.05.2019,385.00,70.00,90.00,3.00,30.00,1.00,4.00,1.00,1.00,0.00,0.00
651397024,Egitim ,24.01.2019,385.00,80.00,90.00,3.00,13.00,2.00,4.00,1.00,1.00,0.00,1.00
690396760,Hasanpasa ,4.05.2019,390.00,75.00,100.00,3.00,28.00,2.00,3.00,1.00,1.00,0.00,1.00
695186059,Zuhtupasa ,24.05.2019,390.00,65.00,95.00,3.00,30.00,0.00,4.00,1.00,1.00,0.00,1.00
637550921,Goztepe ,20.05.2019,390.00,90.00,110.00,4.00,28.00,2.00,3.00,2.00,1.00,0.00,1.00
633801284,Feneryolu ,13.05.2019,390.00,85.00,115.00,3.00,30.00,1.00,3.00,1.00,1.00,0.00,1.00
689648973,Goztepe ,1.05.2019,390.00,95.00,115.00,3.00,30.00,1.00,3.00,1.00,1.00,0.00,1.00
691448756,Goztepe ,8.05.2019,390.00,90.00,100.00,4.00,25.00,2.00,3.00,2.00,1.00,0.00,0.00
628348332,Goztepe ,22.05.2019,390.00,93.00,115.00,3.00,30.00,1.00,3.00,1.00,1.00,0.00,1.00
555247230,Hasanpasa ,17.05.2019,395.00,40.00,50.00,2.00,0.00,2.00,4.00,1.00,0.00,1.00,0.00
653052357,Goztepe ,16.05.2019,395.00,105.00,120.00,4.00,28.00,2.00,3.00,1.00,1.00,0.00,1.00
664116743,Zuhtupasa ,1.05.2019,395.00,70.00,100.00,3.00,30.00,1.00,4.00,1.00,1.00,0.00,1.00
693735753,Feneryolu ,18.05.2019,395.00,60.00,70.00,2.00,0.00,1.00,6.00,1.00,0.00,0.00,0.00
624919718,Feneryolu ,16.05.2019,395.00,50.00,60.00,2.00,0.00,1.00,6.00,1.00,0.00,0.00,0.00
680243380,Hasanpasa ,4.05.2019,399.00,80.00,90.00,3.00,3.00,1.00,4.00,1.00,1.00,0.00,1.00
668898995,Hasanpasa ,6.03.2019,399.00,85.00,100.00,4.00,18.00,4.00,4.00,1.00,1.00,1.00,0.00
684274668,Egitim ,21.05.2019,399.00,55.00,70.00,3.00,30.00,0.00,4.00,1.00,1.00,0.00,1.00
681559681,Zuhtupasa ,8.05.2019,400.00,75.00,100.00,4.00,30.00,3.00,4.00,1.00,1.00,0.00,1.00
694261466,Hasanpasa ,20.05.2019,400.00,70.00,80.00,3.00,13.00,1.00,4.00,1.00,0.00,0.00,0.00
695542850,Egitim ,25.05.2019,400.00,80.00,90.00,3.00,13.00,0.00,4.00,1.00,0.00,0.00,1.00
692776990,Feneryolu ,14.05.2019,400.00,88.00,100.00,4.00,30.00,3.00,3.00,1.00,1.00,0.00,0.00
639347641,Goztepe ,24.05.2019,400.00,64.00,82.00,3.00,30.00,0.00,7.00,1.00,1.00,0.00,0.00
630727032,Hasanpasa ,16.05.2019,410.00,45.00,60.00,2.00,0.00,1.00,4.00,1.00,0.00,0.00,0.00
677467223,Goztepe ,1.05.2019,410.00,110.00,120.00,4.00,28.00,1.00,6.00,1.00,1.00,0.00,0.00
624827331,Goztepe ,13.05.2019,410.00,65.00,80.00,3.00,25.00,1.00,5.00,1.00,0.00,0.00,1.00
696709703,Hasanpasa ,30.05.2019,415.00,95.00,110.00,4.00,28.00,3.00,4.00,1.00,1.00,0.00,1.00
678218166,Goztepe ,29.05.2019,415.00,80.00,100.00,4.00,30.00,3.00,5.00,1.00,1.00,0.00,0.00
612185711,Hasanpasa ,4.05.2019,415.00,100.00,105.00,4.00,28.00,3.00,4.00,1.00,1.00,0.00,1.00
654421201,Goztepe ,8.05.2019,415.00,80.00,100.00,4.00,30.00,3.00,5.00,1.00,1.00,0.00,0.00
670030093,Hasanpasa ,13.05.2019,420.00,50.00,63.00,2.00,0.00,3.00,4.00,1.00,0.00,0.00,0.00
678250251,Hasanpasa ,29.05.2019,420.00,90.00,110.00,3.00,28.00,3.00,5.00,1.00,0.00,0.00,0.00
596004912,Egitim ,10.08.2018,420.00,60.00,70.00,3.00,2.00,1.00,7.00,1.00,1.00,1.00,1.00
692884866,Feneryolu ,14.05.2019,420.00,90.00,100.00,3.00,30.00,1.00,4.00,1.00,1.00,0.00,1.00
631096294,Goztepe ,1.05.2019,425.00,90.00,100.00,3.00,30.00,1.00,4.00,1.00,1.00,0.00,1.00
682789163,Egitim ,11.05.2019,429.00,75.00,90.00,3.00,13.00,1.00,4.00,1.00,0.00,0.00,1.00
690412809,Feneryolu ,4.05.2019,429.00,45.00,65.00,2.00,0.00,1.00,10.00,1.00,0.00,0.00,0.00
658746266,Hasanpasa ,10.02.2019,435.00,95.00,105.00,3.00,25.00,3.00,4.00,1.00,1.00,0.00,1.00
587323105,Zuhtupasa ,15.05.2019,440.00,80.00,90.00,3.00,28.00,0.00,6.00,1.00,0.00,0.00,1.00
660444693,Egitim ,15.05.2019,440.00,70.00,85.00,3.00,13.00,2.00,4.00,1.00,1.00,0.00,1.00
689921195,Egitim ,2.05.2019,440.00,95.00,115.00,4.00,30.00,1.00,5.00,2.00,1.00,0.00,0.00
677044281,Hasanpasa ,21.05.2019,440.00,110.00,120.00,4.00,30.00,3.00,3.00,1.00,1.00,0.00,1.00
654992015,Goztepe ,5.05.2019,440.00,67.00,76.00,3.00,0.00,0.00,7.00,1.00,0.00,0.00,0.00
365811065,Kadikoy,9.05.2019,440.00,80.00,80.00,3.00,30.00,2.00,4.00,1.00,0.00,0.00,1.00
593322119,Feneryolu ,8.05.2019,445.00,80.00,85.00,3.00,28.00,4.00,4.00,1.00,1.00,0.00,1.00
690937033,Goztepe ,6.05.2019,445.00,81.00,100.00,3.00,30.00,2.00,3.00,1.00,1.00,0.00,0.00
666707936,Egitim ,1.03.2019,445.00,70.00,80.00,3.00,30.00,4.00,5.00,1.00,1.00,0.00,0.00
692084959,Zuhtupasa ,11.05.2019,445.00,50.00,55.00,1.00,1.00,1.00,3.00,0.00,1.00,0.00,1.00
692842071,Hasanpasa ,14.05.2019,450.00,100.00,120.00,4.00,30.00,-1.00,5.00,2.00,0.00,0.00,0.00
670375592,Egitim ,9.05.2019,450.00,75.00,85.00,3.00,30.00,3.00,4.00,1.00,1.00,0.00,1.00
635068663,Feneryolu ,16.05.2019,450.00,44.00,68.00,2.00,0.00,0.00,11.00,1.00,1.00,0.00,0.00
637977732,Egitim ,31.05.2019,450.00,50.00,60.00,2.00,2.00,1.00,7.00,1.00,1.00,0.00,1.00
676684272,Zuhtupasa ,25.05.2019,450.00,65.00,75.00,3.00,0.00,0.00,11.00,1.00,0.00,0.00,0.00
695204984,Goztepe ,24.05.2019,450.00,80.00,100.00,3.00,28.00,1.00,11.00,1.00,0.00,0.00,1.00
693239799,Feneryolu ,16.05.2019,450.00,90.00,110.00,4.00,28.00,2.00,4.00,1.00,1.00,0.00,0.00
655928649,Hasanpasa ,3.02.2019,450.00,60.00,65.00,3.00,1.00,3.00,5.00,1.00,0.00,0.00,1.00
632269968,Feneryolu ,4.12.2018,450.00,80.00,90.00,3.00,28.00,1.00,4.00,1.00,1.00,0.00,0.00
673605852,Feneryolu ,18.05.2019,450.00,100.00,110.00,4.00,28.00,1.00,4.00,2.00,1.00,0.00,1.00
488070563,Egitim ,2.05.2019,450.00,70.00,90.00,3.00,30.00,3.00,3.00,1.00,1.00,0.00,1.00
686076109,Egitim ,21.05.2019,450.00,60.00,70.00,3.00,2.00,1.00,8.00,1.00,1.00,0.00,0.00
634717486,Hasanpasa ,19.05.2019,450.00,80.00,100.00,3.00,3.00,3.00,3.00,2.00,0.00,0.00,0.00
688453482,Goztepe ,28.05.2019,450.00,100.00,125.00,4.00,30.00,2.00,6.00,2.00,1.00,0.00,0.00
623461842,Goztepe ,18.05.2019,450.00,75.00,90.00,3.00,30.00,3.00,3.00,1.00,1.00,0.00,0.00
639111325,Hasanpasa ,24.05.2019,455.00,85.00,100.00,3.00,28.00,2.00,3.00,1.00,1.00,0.00,1.00
600339013,Egitim ,24.05.2019,455.00,60.00,80.00,2.00,0.00,11.00,23.00,1.00,1.00,0.00,0.00
693370370,Feneryolu ,17.05.2019,455.00,73.00,93.00,3.00,30.00,1.00,4.00,1.00,1.00,0.00,1.00
231058811,Feneryolu ,6.03.2019,455.00,90.00,100.00,4.00,30.00,1.00,5.00,1.00,1.00,0.00,1.00
690152152,Hasanpasa ,3.05.2019,459.00,80.00,90.00,3.00,1.00,3.00,4.00,1.00,0.00,0.00,1.00
627628596,Egitim ,12.05.2019,460.00,50.00,60.00,2.00,0.00,1.00,9.00,1.00,0.00,0.00,0.00
694837813,Hasanpasa ,22.05.2019,460.00,80.00,95.00,3.00,4.00,3.00,3.00,1.00,1.00,0.00,0.00
657637682,Hasanpasa ,9.05.2019,460.00,80.00,110.00,3.00,3.00,3.00,3.00,2.00,0.00,0.00,0.00
692332620,Hasanpasa ,15.05.2019,465.00,65.00,75.00,3.00,28.00,4.00,4.00,1.00,1.00,0.00,1.00
683327069,Zuhtupasa ,13.05.2019,465.00,50.00,55.00,2.00,1.00,1.00,4.00,1.00,0.00,0.00,1.00
629983814,Goztepe ,7.05.2019,470.00,85.00,115.00,4.00,30.00,0.00,5.00,1.00,1.00,0.00,1.00
597168940,Feneryolu ,19.05.2019,470.00,75.00,85.00,3.00,30.00,1.00,8.00,1.00,1.00,0.00,1.00
668679627,Zuhtupasa ,3.05.2019,470.00,85.00,110.00,3.00,30.00,2.00,5.00,1.00,1.00,0.00,1.00
685699331,Zuhtupasa ,22.05.2019,470.00,95.00,110.00,4.00,30.00,2.00,5.00,1.00,1.00,0.00,1.00
689671193,Zuhtupasa ,1.05.2019,470.00,95.00,125.00,4.00,30.00,5.00,2.00,2.00,1.00,0.00,1.00
674383948,Hasanpasa ,23.05.2019,470.00,80.00,85.00,3.00,0.00,1.00,4.00,1.00,0.00,0.00,0.00
548191815,Zuhtupasa ,7.05.2019,470.00,95.00,110.00,4.00,30.00,2.00,5.00,1.00,1.00,0.00,1.00
661555440,Feneryolu ,18.05.2019,473.00,58.00,70.00,3.00,0.00,2.00,10.00,1.00,1.00,0.00,0.00
682908960,Feneryolu ,11.05.2019,474.00,100.00,125.00,4.00,30.00,2.00,4.00,1.00,1.00,0.00,1.00
201185836,Hasanpasa ,13.05.2019,475.00,100.00,110.00,3.00,28.00,3.00,3.00,1.00,1.00,0.00,1.00
623830645,Goztepe ,16.05.2019,475.00,110.00,125.00,4.00,28.00,8.00,9.00,2.00,1.00,0.00,0.00
665479671,Feneryolu ,27.05.2019,475.00,55.00,70.00,3.00,0.00,2.00,8.00,1.00,1.00,0.00,0.00
646254075,Goztepe ,15.05.2019,475.00,60.00,75.00,3.00,30.00,0.00,5.00,1.00,1.00,0.00,0.00
677089676,Hasanpasa ,3.05.2019,475.00,100.00,120.00,3.00,4.00,1.00,6.00,2.00,0.00,0.00,1.00
658555558,Hasanpasa ,10.05.2019,475.00,75.00,85.00,3.00,0.00,1.00,3.00,2.00,0.00,0.00,0.00
623459934,Hasanpasa ,9.05.2019,475.00,90.00,110.00,3.00,3.00,3.00,3.00,2.00,0.00,0.00,1.00
679852638,Fenerbahce ,4.05.2019,479.00,69.00,90.00,3.00,30.00,3.00,4.00,1.00,0.00,0.00,1.00
584949930,Goztepe ,8.05.2019,480.00,65.00,80.00,3.00,0.00,7.00,10.00,1.00,0.00,0.00,0.00
680895985,Zuhtupasa ,6.05.2019,480.00,80.00,105.00,3.00,30.00,2.00,4.00,1.00,1.00,0.00,1.00
623782054,Feneryolu ,9.05.2019,480.00,44.00,78.00,2.00,0.00,8.00,11.00,1.00,0.00,0.00,0.00
682081304,Egitim ,10.05.2019,485.00,100.00,125.00,4.00,25.00,1.00,9.00,1.00,1.00,0.00,1.00
694287442,Goztepe ,20.05.2019,485.00,100.00,120.00,3.00,28.00,1.00,7.00,2.00,1.00,0.00,1.00
685664330,Egitim ,20.05.2019,485.00,100.00,110.00,4.00,30.00,1.00,3.00,1.00,1.00,0.00,1.00
658416415,Goztepe ,10.05.2019,485.00,67.00,90.00,3.00,0.00,0.00,8.00,1.00,0.00,0.00,0.00
675586307,Zuhtupasa ,24.05.2019,485.00,85.00,100.00,4.00,28.00,3.00,3.00,1.00,1.00,0.00,0.00
623572069,Feneryolu ,20.05.2019,490.00,95.00,115.00,4.00,30.00,1.00,4.00,2.00,1.00,0.00,1.00
620822951,Hasanpasa ,13.05.2019,490.00,56.00,77.00,3.00,0.00,1.00,4.00,1.00,0.00,0.00,0.00
659738377,Hasanpasa ,12.02.2019,490.00,84.00,90.00,3.00,4.00,1.00,3.00,2.00,0.00,0.00,1.00
692825847,Goztepe ,14.05.2019,490.00,55.00,70.00,3.00,2.00,3.00,10.00,1.00,0.00,0.00,0.00
635458197,Egitim ,15.05.2019,490.00,90.00,110.00,3.00,13.00,1.00,3.00,1.00,1.00,0.00,1.00
635081935,Goztepe ,18.05.2019,490.00,110.00,125.00,4.00,28.00,5.00,12.00,1.00,1.00,0.00,0.00
656951358,Zuhtupasa ,7.05.2019,490.00,70.00,90.00,3.00,30.00,2.00,4.00,1.00,0.00,0.00,1.00
672832906,Feneryolu ,18.05.2019,490.00,55.00,67.00,3.00,0.00,2.00,6.00,1.00,1.00,0.00,0.00
693324517,Feneryolu ,16.05.2019,490.00,90.00,120.00,3.00,28.00,3.00,7.00,2.00,1.00,0.00,0.00
696660369,Goztepe ,30.05.2019,495.00,95.00,130.00,4.00,28.00,1.00,3.00,1.00,1.00,0.00,0.00
639474421,Zuhtupasa ,25.12.2018,495.00,82.00,97.00,4.00,28.00,3.00,4.00,1.00,1.00,0.00,0.00
516496236,Feneryolu ,1.05.2019,495.00,88.00,115.00,4.00,30.00,0.00,7.00,1.00,0.00,0.00,0.00
630411195,Fenerbahce ,3.05.2019,495.00,65.00,85.00,3.00,30.00,0.00,4.00,1.00,1.00,0.00,1.00
677377231,Goztepe ,8.05.2019,495.00,95.00,125.00,4.00,28.00,1.00,4.00,2.00,0.00,0.00,0.00
573383335,Hasanpasa ,13.05.2019,495.00,90.00,110.00,4.00,0.00,3.00,3.00,2.00,0.00,0.00,0.00
656413848,Fenerbahce ,6.05.2019,495.00,75.00,90.00,3.00,30.00,0.00,5.00,1.00,1.00,0.00,0.00
376721082,Hasanpasa ,26.05.2019,495.00,120.00,130.00,4.00,28.00,3.00,5.00,1.00,1.00,0.00,1.00
696135312,Goztepe ,28.05.2019,495.00,95.00,125.00,4.00,28.00,1.00,4.00,2.00,0.00,0.00,0.00
679723712,Fenerbahce ,3.05.2019,495.00,76.00,95.00,3.00,30.00,1.00,3.00,1.00,1.00,0.00,0.00
696623286,Goztepe ,30.05.2019,495.00,95.00,125.00,4.00,28.00,1.00,4.00,2.00,1.00,0.00,0.00
696647484,Goztepe ,30.05.2019,495.00,95.00,130.00,4.00,28.00,1.00,3.00,1.00,0.00,0.00,0.00
570254344,Zuhtupasa ,9.05.2019,500.00,55.00,65.00,2.00,30.00,2.00,4.00,1.00,0.00,0.00,1.00
552063892,Feneryolu ,6.05.2019,500.00,50.00,72.00,2.00,0.00,8.00,9.00,1.00,0.00,0.00,0.00
666668528,Goztepe ,30.05.2019,500.00,80.00,95.00,3.00,28.00,1.00,6.00,1.00,1.00,0.00,0.00
694086792,Goztepe ,19.05.2019,500.00,100.00,120.00,3.00,28.00,0.00,6.00,1.00,0.00,0.00,1.00
624705414,Goztepe ,16.05.2019,500.00,90.00,100.00,3.00,28.00,1.00,3.00,1.00,1.00,0.00,0.00
690138909,Goztepe ,3.05.2019,500.00,80.00,85.00,3.00,4.00,0.00,8.00,1.00,0.00,0.00,0.00
686815866,Feneryolu ,22.05.2019,500.00,90.00,110.00,4.00,30.00,2.00,3.00,2.00,1.00,0.00,0.00
677848023,Goztepe ,30.05.2019,500.00,95.00,130.00,4.00,28.00,1.00,4.00,2.00,0.00,0.00,0.00
533132818,Goztepe ,19.05.2019,500.00,78.00,90.00,3.00,30.00,2.00,4.00,2.00,1.00,0.00,0.00
639144559,Feneryolu ,7.05.2019,500.00,70.00,90.00,3.00,28.00,2.00,3.00,1.00,1.00,0.00,1.00
691666398,Goztepe ,9.05.2019,510.00,75.00,100.00,3.00,1.00,3.00,10.00,2.00,1.00,0.00,0.00
695863891,Zuhtupasa ,27.05.2019,510.00,90.00,115.00,3.00,30.00,7.00,7.00,1.00,1.00,0.00,1.00
695676860,Goztepe ,26.05.2019,510.00,75.00,100.00,3.00,0.00,3.00,10.00,2.00,1.00,0.00,0.00
639465084,Zuhtupasa ,25.05.2019,510.00,65.00,99.00,3.00,2.00,0.00,12.00,1.00,0.00,0.00,1.00
691546523,Goztepe ,9.05.2019,510.00,78.00,110.00,3.00,0.00,3.00,10.00,2.00,1.00,0.00,0.00
687268030,Goztepe ,24.05.2019,510.00,75.00,105.00,3.00,0.00,3.00,10.00,2.00,1.00,0.00,1.00
626357903,Feneryolu ,19.05.2019,515.00,110.00,125.00,4.00,28.00,4.00,8.00,1.00,1.00,0.00,0.00
493665268,Goztepe ,13.05.2019,515.00,75.00,90.00,3.00,0.00,1.00,12.00,2.00,0.00,0.00,0.00
570557604,Feneryolu ,23.05.2019,515.00,110.00,125.00,4.00,30.00,3.00,3.00,2.00,1.00,0.00,1.00
658647802,Goztepe ,13.05.2019,520.00,88.00,110.00,4.00,28.00,2.00,3.00,1.00,1.00,0.00,1.00
690936232,Goztepe ,6.05.2019,520.00,52.00,75.00,2.00,1.00,2.00,8.00,1.00,0.00,0.00,0.00
614567348,Zuhtupasa ,23.05.2019,520.00,55.00,65.00,2.00,30.00,1.00,4.00,1.00,0.00,0.00,1.00
604663758,Feneryolu ,12.09.2018,520.00,105.00,120.00,4.00,30.00,4.00,9.00,1.00,1.00,0.00,1.00
550318933,Goztepe ,18.05.2019,520.00,65.00,80.00,3.00,0.00,1.00,8.00,1.00,0.00,0.00,1.00
691154703,Goztepe ,7.05.2019,520.00,72.00,90.00,3.00,2.00,3.00,10.00,1.00,1.00,0.00,0.00
554345095,Goztepe ,3.05.2019,520.00,52.00,75.00,3.00,0.00,2.00,8.00,1.00,0.00,0.00,0.00
696185230,Goztepe ,28.05.2019,525.00,65.00,90.00,3.00,0.00,1.00,8.00,1.00,0.00,0.00,0.00
691347903,Goztepe ,8.05.2019,525.00,68.00,95.00,3.00,0.00,1.00,8.00,1.00,0.00,0.00,0.00
693847163,Goztepe ,18.05.2019,525.00,60.00,85.00,3.00,2.00,3.00,10.00,1.00,0.00,0.00,1.00
691618944,Hasanpasa ,9.05.2019,525.00,80.00,90.00,3.00,4.00,1.00,5.00,1.00,1.00,0.00,1.00
670072162,Goztepe ,15.05.2019,525.00,62.00,85.00,3.00,0.00,2.00,11.00,1.00,0.00,0.00,0.00
673944738,Hasanpasa ,21.05.2019,530.00,78.00,100.00,3.00,0.00,3.00,4.00,1.00,0.00,0.00,0.00
658725040,Hasanpasa ,10.02.2019,530.00,65.00,75.00,3.00,3.00,3.00,5.00,1.00,1.00,0.00,1.00
674042067,Goztepe ,18.05.2019,530.00,85.00,100.00,3.00,28.00,1.00,3.00,1.00,1.00,0.00,0.00
627117324,Zuhtupasa ,25.05.2019,530.00,100.00,125.00,4.00,30.00,4.00,6.00,1.00,1.00,0.00,0.00
671465424,Feneryolu ,15.05.2019,535.00,70.00,90.00,3.00,1.00,1.00,6.00,1.00,0.00,0.00,0.00
693253264,Feneryolu ,16.05.2019,535.00,75.00,90.00,3.00,0.00,1.00,6.00,1.00,1.00,0.00,0.00
692775485,Feneryolu ,14.05.2019,535.00,75.00,90.00,3.00,1.00,1.00,8.00,1.00,1.00,1.00,0.00
693087629,Goztepe ,15.05.2019,535.00,75.00,90.00,3.00,7.00,1.00,9.00,1.00,0.00,0.00,0.00
673971231,Feneryolu ,18.05.2019,535.00,50.00,75.00,3.00,0.00,1.00,10.00,1.00,0.00,0.00,0.00
690632260,Feneryolu ,5.05.2019,535.00,75.00,90.00,3.00,1.00,1.00,7.00,1.00,1.00,0.00,0.00
693637880,Feneryolu ,17.05.2019,538.00,80.00,100.00,3.00,1.00,1.00,7.00,1.00,1.00,0.00,0.00
325909112,Kadikoy,9.05.2019,540.00,75.00,75.00,4.00,30.00,2.00,4.00,1.00,0.00,0.00,0.00
691767133,Goztepe ,10.05.2019,540.00,60.00,92.00,3.00,0.00,1.00,8.00,1.00,0.00,0.00,0.00
669299068,Feneryolu ,22.05.2019,540.00,110.00,125.00,4.00,28.00,4.00,8.00,1.00,1.00,0.00,0.00
688115019,Feneryolu ,26.05.2019,545.00,90.00,110.00,3.00,30.00,0.00,4.00,1.00,0.00,0.00,1.00
677769554,Goztepe ,3.05.2019,545.00,50.00,60.00,2.00,0.00,11.00,15.00,1.00,0.00,0.00,0.00
615995033,Goztepe ,20.05.2019,545.00,95.00,120.00,4.00,25.00,0.00,5.00,2.00,1.00,0.00,0.00
690275069,Feneryolu ,3.05.2019,545.00,87.00,120.00,3.00,25.00,7.00,8.00,2.00,1.00,0.00,0.00
680558351,Feneryolu ,6.05.2019,545.00,87.00,120.00,3.00,25.00,7.00,8.00,2.00,1.00,0.00,0.00
667991327,Hasanpasa ,3.05.2019,550.00,83.00,90.00,3.00,0.00,2.00,3.00,2.00,0.00,0.00,0.00
616287815,Hasanpasa ,28.05.2019,550.00,110.00,120.00,4.00,18.00,1.00,1.00,1.00,1.00,0.00,1.00
694501283,Goztepe ,21.05.2019,550.00,65.00,80.00,3.00,25.00,1.00,9.00,1.00,0.00,0.00,1.00
696652227,Feneryolu ,30.05.2019,550.00,95.00,115.00,4.00,30.00,5.00,5.00,1.00,1.00,0.00,1.00
688352783,Egitim ,27.05.2019,550.00,90.00,120.00,4.00,28.00,0.00,6.00,1.00,0.00,0.00,0.00
634399973,Egitim ,21.05.2019,550.00,75.00,90.00,3.00,0.00,10.00,13.00,2.00,1.00,0.00,0.00
689878872,Hasanpasa ,2.05.2019,550.00,68.00,90.00,3.00,30.00,1.00,4.00,1.00,1.00,0.00,0.00
662776735,Feneryolu ,22.05.2019,550.00,70.00,86.00,3.00,0.00,11.00,12.00,1.00,0.00,0.00,0.00
696164320,Zuhtupasa ,28.05.2019,550.00,85.00,100.00,3.00,30.00,0.00,3.00,1.00,0.00,0.00,0.00
677879252,Goztepe ,29.05.2019,550.00,52.00,70.00,2.00,0.00,4.00,9.00,1.00,1.00,0.00,0.00
450054413,Hasanpasa ,26.05.2019,550.00,68.00,78.00,3.00,0.00,2.00,3.00,1.00,0.00,0.00,0.00
620593275,Goztepe ,26.05.2019,550.00,80.00,100.00,3.00,30.00,1.00,3.00,1.00,1.00,0.00,1.00
639233923,Feneryolu ,25.12.2018,550.00,75.00,90.00,3.00,30.00,3.00,3.00,1.00,1.00,0.00,1.00
452929104,Hasanpasa ,27.05.2019,550.00,120.00,125.00,4.00,25.00,2.00,4.00,1.00,1.00,0.00,0.00
552562475,Goztepe ,19.05.2019,550.00,55.00,68.00,2.00,0.00,0.00,9.00,1.00,0.00,0.00,0.00
614388537,Hasanpasa ,24.05.2019,550.00,100.00,110.00,4.00,30.00,3.00,6.00,1.00,0.00,0.00,1.00
609103897,Goztepe ,27.05.2019,550.00,97.00,120.00,4.00,28.00,1.00,5.00,1.00,1.00,0.00,1.00
691659336,Goztepe ,9.05.2019,550.00,55.00,75.00,3.00,0.00,1.00,10.00,1.00,0.00,0.00,0.00
673871086,Hasanpasa ,18.05.2019,550.00,50.00,65.00,2.00,30.00,1.00,6.00,1.00,0.00,0.00,1.00
390009469,Hasanpasa ,30.05.2019,550.00,94.00,94.00,3.00,30.00,0.00,3.00,1.00,1.00,0.00,1.00
672320598,Zuhtupasa ,17.05.2019,560.00,90.00,110.00,4.00,28.00,1.00,6.00,1.00,1.00,0.00,1.00
545861108,Feneryolu ,25.05.2019,560.00,85.00,125.00,3.00,28.00,2.00,4.00,2.00,1.00,0.00,1.00
635445812,Feneryolu ,14.05.2019,560.00,93.00,125.00,4.00,30.00,1.00,3.00,1.00,1.00,0.00,0.00
559117566,Goztepe ,5.05.2019,560.00,80.00,90.00,3.00,30.00,0.00,3.00,1.00,1.00,0.00,1.00
682751380,Goztepe ,11.05.2019,565.00,70.00,75.00,3.00,1.00,3.00,10.00,1.00,1.00,0.00,1.00
618963984,Goztepe ,29.05.2019,565.00,82.00,110.00,3.00,28.00,3.00,5.00,1.00,1.00,0.00,1.00
693056949,Feneryolu ,15.05.2019,565.00,50.00,65.00,3.00,0.00,5.00,12.00,1.00,0.00,0.00,0.00
611181340,Kadikoy,2.10.2018,565.00,80.00,80.00,3.00,25.00,3.00,7.00,1.00,1.00,0.00,0.00
633569031,Goztepe ,22.05.2019,570.00,65.00,80.00,3.00,1.00,1.00,10.00,1.00,0.00,0.00,1.00
426206599,Egitim ,19.05.2018,570.00,95.00,125.00,4.00,7.00,2.00,3.00,1.00,0.00,0.00,1.00
694252420,Feneryolu ,20.05.2019,570.00,75.00,95.00,4.00,18.00,1.00,13.00,1.00,1.00,0.00,0.00
651046995,Zuhtupasa ,2.05.2019,570.00,90.00,110.00,4.00,30.00,4.00,4.00,1.00,1.00,0.00,1.00
693753444,Goztepe ,18.05.2019,570.00,55.00,65.00,2.00,0.00,11.00,14.00,1.00,0.00,0.00,0.00
628710432,Egitim ,22.05.2019,575.00,100.00,120.00,4.00,18.00,2.00,12.00,2.00,1.00,0.00,0.00
693075545,Zuhtupasa ,15.05.2019,575.00,85.00,100.00,3.00,30.00,1.00,4.00,2.00,1.00,0.00,0.00
505640236,Goztepe ,2.05.2019,575.00,80.00,100.00,4.00,13.00,1.00,5.00,1.00,1.00,0.00,0.00
672389412,Goztepe ,18.05.2019,575.00,70.00,90.00,3.00,0.00,1.00,9.00,2.00,0.00,0.00,0.00
691745494,Goztepe ,9.05.2019,575.00,65.00,80.00,3.00,1.00,2.00,10.00,2.00,0.00,0.00,1.00
679913720,Hasanpasa ,17.04.2019,575.00,110.00,125.00,4.00,7.00,2.00,3.00,2.00,1.00,0.00,1.00
409892412,Zuhtupasa ,29.05.2019,575.00,75.00,90.00,3.00,28.00,3.00,3.00,1.00,1.00,0.00,1.00
677540341,Feneryolu ,29.05.2019,575.00,85.00,100.00,3.00,30.00,0.00,4.00,2.00,1.00,0.00,0.00
680056145,Goztepe ,8.05.2019,580.00,85.00,105.00,3.00,0.00,9.00,10.00,2.00,1.00,0.00,0.00
669722088,Goztepe ,22.05.2019,580.00,60.00,80.00,3.00,2.00,1.00,8.00,1.00,1.00,0.00,0.00
620001276,Egitim ,27.05.2019,580.00,85.00,100.00,3.00,28.00,3.00,3.00,1.00,0.00,1.00,1.00
632846314,Hasanpasa ,6.05.2019,580.00,90.00,100.00,4.00,0.00,1.00,5.00,1.00,1.00,0.00,0.00
670353045,Egitim ,10.05.2019,580.00,52.00,80.00,3.00,1.00,5.00,9.00,1.00,0.00,0.00,0.00
685415033,Goztepe ,18.05.2019,580.00,70.00,100.00,3.00,0.00,1.00,8.00,2.00,0.00,0.00,0.00
659818502,Hasanpasa ,15.05.2019,580.00,80.00,90.00,3.00,0.00,3.00,5.00,1.00,1.00,0.00,0.00
693713877,Goztepe ,18.05.2019,580.00,80.00,90.00,3.00,0.00,2.00,8.00,1.00,0.00,0.00,1.00
680827977,Goztepe ,6.05.2019,580.00,90.00,120.00,4.00,30.00,2.00,3.00,1.00,1.00,0.00,0.00
686154738,Goztepe ,20.05.2019,580.00,80.00,110.00,3.00,0.00,9.00,10.00,2.00,1.00,0.00,0.00
689648454,Goztepe ,1.05.2019,580.00,73.00,80.00,3.00,0.00,1.00,7.00,1.00,0.00,0.00,0.00
689891809,Goztepe ,2.05.2019,580.00,65.00,85.00,3.00,0.00,1.00,8.00,1.00,1.00,0.00,0.00
685094502,Goztepe ,17.05.2019,580.00,70.00,90.00,3.00,2.00,1.00,7.00,1.00,0.00,0.00,0.00
696635057,Goztepe ,30.05.2019,585.00,100.00,120.00,3.00,18.00,1.00,3.00,1.00,1.00,0.00,0.00
695103274,Egitim ,23.05.2019,590.00,75.00,90.00,3.00,4.00,6.00,14.00,2.00,0.00,0.00,1.00
671573381,Hasanpasa ,20.05.2019,590.00,80.00,90.00,3.00,3.00,3.00,6.00,1.00,1.00,0.00,0.00
696600000,Goztepe ,30.05.2019,590.00,55.00,75.00,3.00,0.00,6.00,8.00,1.00,0.00,0.00,0.00
653163041,Goztepe ,5.05.2019,590.00,60.00,75.00,3.00,2.00,1.00,7.00,1.00,0.00,0.00,0.00
687197968,Zuhtupasa ,23.04.2019,590.00,48.00,68.00,2.00,2.00,5.00,7.00,1.00,0.00,0.00,1.00
642905485,Feneryolu ,20.05.2019,595.00,100.00,125.00,4.00,28.00,3.00,6.00,1.00,1.00,0.00,1.00
627352749,Fenerbahce ,19.05.2019,595.00,60.00,75.00,3.00,0.00,0.00,4.00,1.00,0.00,0.00,1.00
677005472,Zuhtupasa ,27.05.2019,595.00,85.00,100.00,3.00,30.00,3.00,3.00,1.00,1.00,0.00,1.00
604841418,Goztepe ,26.12.2018,595.00,80.00,120.00,4.00,25.00,2.00,3.00,1.00,1.00,0.00,0.00
664252385,Zuhtupasa ,9.05.2019,595.00,83.00,100.00,3.00,30.00,2.00,2.00,1.00,0.00,0.00,0.00
673996968,Goztepe ,29.05.2019,595.00,65.00,95.00,3.00,1.00,1.00,10.00,1.00,0.00,0.00,0.00
558294709,Goztepe ,13.05.2019,595.00,65.00,95.00,3.00,0.00,1.00,10.00,1.00,0.00,0.00,0.00
590705195,Goztepe ,25.05.2019,600.00,105.00,130.00,4.00,28.00,4.00,5.00,1.00,1.00,0.00,0.00
694758544,Feneryolu ,22.05.2019,600.00,68.00,90.00,3.00,0.00,8.00,10.00,1.00,1.00,0.00,0.00
693064801,Feneryolu ,15.05.2019,600.00,80.00,100.00,3.00,2.00,0.00,8.00,1.00,1.00,0.00,0.00
631406952,Goztepe ,1.12.2018,600.00,100.00,120.00,4.00,28.00,1.00,5.00,1.00,1.00,0.00,0.00
666651059,Goztepe ,4.05.2019,600.00,69.00,100.00,3.00,0.00,1.00,8.00,2.00,0.00,0.00,0.00
665648942,Feneryolu ,27.02.2019,600.00,70.00,80.00,3.00,30.00,1.00,5.00,1.00,0.00,0.00,1.00
696205058,Goztepe ,28.05.2019,600.00,105.00,130.00,4.00,28.00,4.00,5.00,1.00,1.00,0.00,0.00
581537822,Fenerbahce ,27.05.2019,600.00,70.00,90.00,3.00,30.00,0.00,5.00,1.00,1.00,0.00,1.00
653480383,Egitim ,1.05.2019,600.00,75.00,95.00,4.00,18.00,2.00,6.00,1.00,1.00,0.00,1.00
656403721,Goztepe ,6.05.2019,600.00,70.00,90.00,3.00,0.00,1.00,8.00,2.00,1.00,0.00,0.00
499431114,Goztepe ,9.05.2019,600.00,75.00,95.00,3.00,0.00,11.00,12.00,2.00,1.00,0.00,0.00
693237062,Egitim ,16.05.2019,600.00,90.00,110.00,4.00,7.00,10.00,13.00,1.00,1.00,0.00,0.00
325183185,Kadikoy,11.05.2019,600.00,75.00,75.00,3.00,7.00,1.00,8.00,1.00,0.00,0.00,1.00
628101253,Goztepe ,8.05.2019,600.00,60.00,70.00,3.00,0.00,1.00,7.00,1.00,1.00,0.00,0.00
647179401,Zuhtupasa ,27.05.2019,600.00,70.00,90.00,3.00,0.00,4.00,6.00,1.00,0.00,0.00,0.00
677461213,Feneryolu ,30.05.2019,600.00,100.00,125.00,4.00,28.00,1.00,8.00,1.00,1.00,0.00,0.00
696612577,Goztepe ,30.05.2019,600.00,108.00,125.00,4.00,28.00,3.00,4.00,1.00,1.00,0.00,1.00
666762266,Feneryolu ,7.05.2019,600.00,70.00,90.00,3.00,0.00,8.00,9.00,1.00,1.00,0.00,0.00
682905560,Goztepe ,11.05.2019,600.00,100.00,125.00,4.00,28.00,4.00,8.00,2.00,1.00,0.00,0.00
607253962,Feneryolu ,21.05.2019,600.00,78.00,85.00,3.00,0.00,9.00,11.00,2.00,0.00,1.00,0.00
613257905,Feneryolu ,11.05.2019,605.00,100.00,125.00,4.00,25.00,5.00,8.00,1.00,1.00,0.00,0.00
671998047,Goztepe ,13.05.2019,605.00,69.00,90.00,3.00,0.00,2.00,4.00,1.00,0.00,0.00,0.00
626804239,Goztepe ,14.05.2019,610.00,55.00,75.00,3.00,1.00,1.00,7.00,1.00,0.00,0.00,0.00
426452930,Goztepe ,13.05.2019,610.00,90.00,115.00,4.00,25.00,7.00,8.00,1.00,1.00,1.00,0.00
493623519,Goztepe ,4.05.2019,610.00,110.00,125.00,4.00,28.00,4.00,8.00,1.00,1.00,0.00,0.00
667128805,Goztepe ,3.05.2019,610.00,71.00,100.00,3.00,0.00,1.00,7.00,2.00,0.00,0.00,0.00
674105334,Goztepe ,19.05.2019,610.00,73.00,100.00,3.00,0.00,1.00,8.00,1.00,0.00,0.00,0.00
683625536,Feneryolu ,16.05.2019,615.00,70.00,85.00,3.00,0.00,5.00,6.00,1.00,0.00,0.00,0.00
665989663,Goztepe ,1.05.2019,615.00,110.00,125.00,4.00,28.00,3.00,5.00,2.00,1.00,0.00,1.00
689840982,Feneryolu ,2.05.2019,615.00,78.00,100.00,3.00,2.00,3.00,9.00,1.00,0.00,0.00,1.00
521453673,Goztepe ,29.05.2019,620.00,58.00,70.00,3.00,1.00,1.00,7.00,1.00,0.00,0.00,0.00
691118987,Goztepe ,7.05.2019,620.00,85.00,100.00,3.00,0.00,0.00,9.00,2.00,0.00,0.00,0.00
507151857,Goztepe ,18.05.2019,620.00,80.00,95.00,3.00,0.00,1.00,10.00,2.00,0.00,0.00,0.00
694962361,Feneryolu ,23.05.2019,620.00,95.00,120.00,3.00,28.00,4.00,4.00,1.00,0.00,0.00,0.00
682857944,Hasanpasa ,11.05.2019,620.00,90.00,110.00,3.00,0.00,2.00,5.00,1.00,0.00,0.00,1.00
696089413,Feneryolu ,28.05.2019,620.00,102.00,125.00,4.00,28.00,4.00,4.00,2.00,1.00,0.00,1.00
680630410,Goztepe ,5.04.2019,625.00,80.00,100.00,3.00,30.00,3.00,3.00,1.00,1.00,0.00,1.00
669625656,Goztepe ,7.05.2019,625.00,100.00,120.00,4.00,30.00,2.00,4.00,1.00,1.00,0.00,1.00
660281636,Goztepe ,15.05.2019,625.00,75.00,100.00,3.00,0.00,0.00,7.00,1.00,0.00,0.00,0.00
678933501,Feneryolu ,22.05.2019,625.00,75.00,98.00,3.00,0.00,12.00,15.00,2.00,1.00,0.00,0.00
691658632,Feneryolu ,9.05.2019,625.00,72.00,85.00,3.00,0.00,7.00,9.00,1.00,0.00,0.00,0.00
493569323,Goztepe ,25.05.2019,630.00,70.00,70.00,3.00,1.00,1.00,10.00,1.00,0.00,0.00,0.00
644547370,Hasanpasa ,11.05.2019,630.00,70.00,95.00,3.00,2.00,3.00,5.00,1.00,1.00,0.00,0.00
651154789,Goztepe ,15.05.2019,630.00,85.00,104.00,3.00,0.00,1.00,8.00,1.00,1.00,0.00,0.00
684757434,Goztepe ,29.05.2019,630.00,100.00,130.00,4.00,30.00,3.00,4.00,1.00,1.00,0.00,1.00
665486630,Hasanpasa ,2.05.2019,630.00,78.00,90.00,3.00,0.00,2.00,4.00,1.00,0.00,1.00,1.00
664450649,Goztepe ,7.05.2019,635.00,80.00,100.00,3.00,13.00,4.00,9.00,1.00,1.00,0.00,1.00
653023063,Goztepe ,1.05.2019,635.00,74.00,100.00,3.00,0.00,1.00,9.00,1.00,1.00,0.00,0.00
669003622,Feneryolu ,5.05.2019,635.00,64.00,90.00,3.00,0.00,6.00,12.00,1.00,0.00,0.00,0.00
693328016,Feneryolu ,16.05.2019,635.00,72.00,95.00,3.00,0.00,1.00,7.00,1.00,0.00,0.00,0.00
695252619,Fenerbahce ,25.05.2019,635.00,85.00,95.00,4.00,30.00,0.00,3.00,1.00,1.00,0.00,0.00
584234224,Egitim ,2.05.2019,635.00,105.00,125.00,4.00,25.00,1.00,7.00,2.00,1.00,0.00,1.00
678926137,Egitim ,12.05.2019,635.00,95.00,125.00,4.00,18.00,1.00,5.00,2.00,1.00,0.00,0.00
694263367,Feneryolu ,20.05.2019,640.00,65.00,84.00,3.00,0.00,6.00,10.00,1.00,0.00,0.00,0.00
685729298,Egitim ,21.05.2019,640.00,85.00,125.00,4.00,0.00,1.00,11.00,2.00,0.00,0.00,0.00
668888785,Goztepe ,9.05.2019,640.00,70.00,90.00,3.00,0.00,1.00,7.00,1.00,1.00,0.00,0.00
696717407,Egitim ,30.05.2019,640.00,80.00,105.00,3.00,3.00,2.00,15.00,2.00,1.00,0.00,1.00
696102655,Goztepe ,28.05.2019,640.00,65.00,90.00,3.00,0.00,2.00,8.00,1.00,0.00,0.00,0.00
648024016,Feneryolu ,17.05.2019,640.00,62.00,84.00,3.00,1.00,6.00,12.00,1.00,0.00,0.00,0.00
579019450,Goztepe ,10.05.2019,640.00,82.00,100.00,4.00,7.00,1.00,8.00,2.00,1.00,0.00,0.00
653520265,Goztepe ,19.05.2019,645.00,75.00,95.00,3.00,0.00,1.00,7.00,1.00,1.00,0.00,0.00
692089992,Feneryolu ,11.05.2019,645.00,75.00,100.00,3.00,0.00,1.00,8.00,1.00,1.00,0.00,0.00
682886958,Feneryolu ,14.05.2019,645.00,70.00,95.00,3.00,0.00,1.00,8.00,1.00,0.00,0.00,0.00
663278337,Feneryolu ,21.05.2019,648.00,60.00,80.00,3.00,1.00,6.00,12.00,1.00,0.00,0.00,0.00
563927805,Goztepe ,27.05.2019,650.00,77.00,105.00,3.00,0.00,0.00,9.00,2.00,1.00,0.00,0.00
609940210,Egitim ,9.05.2019,650.00,88.00,90.00,3.00,0.00,3.00,6.00,1.00,1.00,0.00,0.00
693301354,Goztepe ,16.05.2019,650.00,70.00,80.00,3.00,0.00,1.00,11.00,1.00,0.00,0.00,0.00
423007879,Goztepe ,8.05.2019,650.00,70.00,90.00,3.00,0.00,3.00,8.00,1.00,0.00,0.00,0.00
691068824,Feneryolu ,7.05.2019,650.00,81.00,89.00,3.00,2.00,9.00,9.00,1.00,1.00,0.00,0.00
593383524,Egitim ,3.05.2019,650.00,80.00,90.00,3.00,0.00,1.00,4.00,1.00,0.00,0.00,0.00
694790169,Goztepe ,22.05.2019,650.00,87.00,110.00,3.00,0.00,1.00,7.00,1.00,1.00,0.00,0.00
695260352,Goztepe ,24.05.2019,650.00,110.00,130.00,4.00,30.00,3.00,8.00,1.00,1.00,0.00,1.00
615032438,Goztepe ,25.05.2019,650.00,75.00,100.00,3.00,0.00,1.00,10.00,1.00,1.00,0.00,0.00
572860076,Goztepe ,2.12.2018,650.00,78.00,85.00,3.00,0.00,1.00,10.00,1.00,1.00,0.00,0.00
684635782,Feneryolu ,16.05.2019,650.00,75.00,100.00,3.00,0.00,0.00,10.00,2.00,1.00,0.00,0.00
691317292,Zuhtupasa ,8.05.2019,650.00,80.00,100.00,4.00,25.00,7.00,10.00,1.00,1.00,0.00,1.00
670755164,Zuhtupasa ,10.05.2019,650.00,85.00,110.00,3.00,1.00,4.00,4.00,2.00,1.00,0.00,0.00
602025328,Hasanpasa ,9.05.2019,650.00,100.00,110.00,4.00,25.00,1.00,4.00,1.00,0.00,0.00,1.00
606986835,Goztepe ,22.05.2019,650.00,78.00,90.00,3.00,1.00,3.00,7.00,1.00,0.00,0.00,1.00
689637613,Egitim ,1.05.2019,650.00,90.00,95.00,3.00,0.00,2.00,9.00,1.00,1.00,0.00,0.00
590135072,Egitim ,26.05.2019,655.00,86.00,108.00,3.00,0.00,9.00,14.00,1.00,0.00,0.00,1.00
693335022,Feneryolu ,16.05.2019,655.00,63.00,85.00,3.00,0.00,5.00,10.00,1.00,0.00,0.00,0.00
669402076,Goztepe ,7.05.2019,655.00,100.00,120.00,4.00,28.00,2.00,6.00,1.00,1.00,0.00,0.00
690634355,Goztepe ,5.05.2019,660.00,78.00,100.00,3.00,30.00,3.00,5.00,1.00,1.00,0.00,1.00
642118816,Feneryolu ,9.05.2019,660.00,80.00,105.00,3.00,0.00,1.00,11.00,1.00,1.00,0.00,0.00
612765094,Goztepe ,6.10.2018,660.00,87.00,102.00,3.00,0.00,2.00,7.00,1.00,1.00,0.00,0.00
633837046,Goztepe ,14.05.2019,660.00,80.00,110.00,3.00,0.00,5.00,8.00,1.00,0.00,0.00,0.00
566586179,Feneryolu ,11.05.2019,660.00,100.00,125.00,4.00,18.00,6.00,7.00,2.00,1.00,0.00,0.00
584344572,Goztepe ,3.05.2019,660.00,67.00,85.00,3.00,2.00,4.00,8.00,1.00,0.00,0.00,1.00
690837250,Goztepe ,6.05.2019,660.00,67.00,85.00,3.00,2.00,4.00,8.00,1.00,0.00,0.00,1.00
556177976,Goztepe ,10.05.2019,660.00,73.00,98.00,3.00,0.00,2.00,9.00,1.00,1.00,0.00,0.00
690861051,Goztepe ,6.05.2019,660.00,90.00,120.00,4.00,7.00,1.00,7.00,1.00,1.00,0.00,1.00
691684737,Goztepe ,9.05.2019,665.00,75.00,95.00,3.00,0.00,1.00,4.00,1.00,0.00,0.00,0.00
696147399,Goztepe ,28.05.2019,665.00,60.00,77.00,3.00,4.00,8.00,8.00,1.00,1.00,0.00,1.00
690234107,Goztepe ,3.05.2019,665.00,90.00,120.00,4.00,7.00,1.00,7.00,2.00,1.00,0.00,0.00
632527004,Zuhtupasa ,20.05.2019,665.00,70.00,80.00,2.00,30.00,1.00,5.00,1.00,0.00,0.00,0.00
690875018,Goztepe ,6.05.2019,665.00,80.00,100.00,3.00,0.00,1.00,4.00,1.00,0.00,0.00,0.00
670084990,Goztepe ,8.05.2019,670.00,85.00,100.00,3.00,1.00,7.00,7.00,1.00,0.00,0.00,0.00
685756813,Egitim ,20.05.2019,670.00,80.00,100.00,3.00,0.00,12.00,14.00,2.00,1.00,0.00,0.00
677786080,Goztepe ,19.05.2019,670.00,75.00,95.00,3.00,4.00,6.00,7.00,1.00,0.00,0.00,0.00
671429155,Goztepe ,21.05.2019,670.00,66.00,80.00,3.00,0.00,7.00,12.00,2.00,0.00,0.00,0.00
691385879,Feneryolu ,8.05.2019,675.00,75.00,110.00,3.00,0.00,8.00,9.00,2.00,1.00,0.00,0.00
605890736,Goztepe ,24.05.2019,675.00,60.00,70.00,2.00,0.00,2.00,11.00,1.00,0.00,0.00,0.00
545416958,Goztepe ,13.05.2019,675.00,90.00,120.00,4.00,28.00,6.00,9.00,2.00,1.00,0.00,1.00
677432641,Goztepe ,27.05.2019,675.00,75.00,90.00,3.00,4.00,7.00,7.00,1.00,0.00,0.00,1.00
483805722,Goztepe ,16.05.2019,675.00,75.00,90.00,3.00,1.00,7.00,7.00,1.00,0.00,0.00,1.00
695035079,Goztepe ,23.05.2019,675.00,85.00,105.00,3.00,2.00,3.00,8.00,1.00,1.00,0.00,0.00
660258108,Egitim ,22.05.2019,675.00,110.00,130.00,3.00,0.00,7.00,8.00,2.00,1.00,0.00,0.00
590656873,Goztepe ,23.07.2018,675.00,95.00,115.00,4.00,30.00,8.00,8.00,1.00,1.00,0.00,1.00
695984162,Fenerbahce ,27.05.2019,675.00,68.00,90.00,2.00,0.00,1.00,9.00,0.00,1.00,0.00,1.00
683157374,Goztepe ,12.05.2019,675.00,60.00,80.00,3.00,0.00,8.00,8.00,1.00,1.00,0.00,0.00
636840962,Goztepe ,17.05.2019,675.00,73.00,90.00,3.00,2.00,6.00,8.00,1.00,0.00,0.00,0.00
577637300,Goztepe ,24.05.2019,675.00,76.00,95.00,3.00,0.00,7.00,9.00,2.00,1.00,0.00,0.00
692864849,Feneryolu ,14.05.2019,675.00,75.00,100.00,3.00,0.00,10.00,12.00,2.00,1.00,0.00,0.00
696615542,Goztepe ,30.05.2019,675.00,75.00,100.00,3.00,3.00,7.00,7.00,1.00,0.00,0.00,1.00
695502223,Goztepe ,25.05.2019,675.00,72.00,83.00,3.00,0.00,8.00,8.00,1.00,1.00,0.00,0.00
689042803,Goztepe ,30.05.2019,675.00,85.00,95.00,3.00,4.00,6.00,7.00,1.00,0.00,0.00,1.00
605581292,Goztepe ,22.05.2019,675.00,70.00,90.00,3.00,0.00,8.00,8.00,1.00,1.00,0.00,0.00
617360006,Egitim ,20.10.2018,676.00,75.00,90.00,3.00,0.00,1.00,11.00,1.00,1.00,0.00,0.00
691633475,Feneryolu ,9.05.2019,680.00,77.00,100.00,3.00,0.00,6.00,7.00,1.00,0.00,0.00,0.00
694734264,Feneryolu ,22.05.2019,680.00,75.00,90.00,3.00,0.00,2.00,12.00,1.00,0.00,0.00,0.00
690918432,Goztepe ,6.05.2019,680.00,82.00,100.00,3.00,0.00,8.00,9.00,2.00,1.00,0.00,0.00
621533942,Goztepe ,3.05.2019,680.00,82.00,90.00,3.00,1.00,1.00,11.00,1.00,0.00,0.00,1.00
618906627,Feneryolu ,25.05.2019,680.00,74.00,90.00,3.00,0.00,1.00,4.00,1.00,0.00,0.00,0.00
660706600,Goztepe ,20.05.2019,680.00,85.00,110.00,3.00,0.00,8.00,9.00,2.00,1.00,0.00,0.00
694956497,Feneryolu ,23.05.2019,680.00,75.00,90.00,3.00,0.00,2.00,12.00,1.00,0.00,0.00,0.00
663255373,Goztepe ,28.05.2019,680.00,117.00,130.00,4.00,30.00,2.00,3.00,1.00,1.00,0.00,1.00
664865698,Zuhtupasa ,25.02.2019,685.00,68.00,98.00,3.00,0.00,3.00,3.00,1.00,1.00,0.00,0.00
653216937,Goztepe ,29.01.2019,685.00,75.00,110.00,3.00,0.00,8.00,9.00,1.00,1.00,0.00,0.00
677041921,Goztepe ,26.05.2019,685.00,70.00,105.00,3.00,0.00,8.00,8.00,1.00,1.00,0.00,0.00
691701462,Feneryolu ,9.05.2019,685.00,75.00,90.00,3.00,0.00,3.00,5.00,1.00,0.00,0.00,0.00
692814305,Goztepe ,14.05.2019,685.00,75.00,110.00,3.00,0.00,8.00,9.00,1.00,1.00,0.00,0.00
641881079,Goztepe ,3.05.2019,685.00,88.00,110.00,4.00,0.00,2.00,8.00,2.00,0.00,0.00,0.00
262999997,Goztepe ,9.05.2019,685.00,80.00,100.00,4.00,0.00,7.00,10.00,2.00,1.00,0.00,0.00
682860774,Goztepe ,11.05.2019,685.00,80.00,105.00,3.00,0.00,8.00,9.00,2.00,1.00,0.00,0.00
680564164,Goztepe ,6.05.2019,685.00,83.00,110.00,4.00,0.00,10.00,10.00,1.00,0.00,0.00,0.00
692811158,Goztepe ,14.05.2019,685.00,75.00,110.00,3.00,0.00,8.00,9.00,1.00,1.00,0.00,0.00
694245385,Goztepe ,20.05.2019,685.00,80.00,110.00,3.00,0.00,8.00,10.00,1.00,1.00,0.00,0.00
682056917,Feneryolu ,9.05.2019,685.00,108.00,122.00,3.00,0.00,0.00,12.00,1.00,1.00,0.00,0.00
653508724,Goztepe ,29.05.2019,685.00,78.00,100.00,3.00,0.00,7.00,9.00,2.00,1.00,0.00,0.00
692978961,Goztepe ,15.05.2019,685.00,75.00,100.00,3.00,0.00,8.00,9.00,1.00,1.00,0.00,0.00
691367149,Goztepe ,8.05.2019,685.00,80.00,119.00,3.00,0.00,8.00,9.00,1.00,1.00,0.00,0.00
676283366,Feneryolu ,27.05.2019,690.00,70.00,85.00,3.00,0.00,3.00,7.00,1.00,0.00,0.00,0.00
643693695,Egitim ,10.05.2019,690.00,80.00,105.00,3.00,2.00,10.00,11.00,2.00,1.00,0.00,1.00
670634387,Goztepe ,10.05.2019,690.00,90.00,115.00,4.00,28.00,1.00,8.00,1.00,1.00,0.00,0.00
691986679,Goztepe ,11.05.2019,690.00,86.00,115.00,3.00,0.00,8.00,9.00,2.00,1.00,0.00,0.00
621574156,Goztepe ,4.05.2019,690.00,76.00,95.00,3.00,0.00,8.00,9.00,1.00,1.00,0.00,0.00
688020901,Goztepe ,26.05.2019,690.00,80.00,95.00,4.00,0.00,5.00,7.00,1.00,0.00,0.00,0.00
665898146,Goztepe ,4.05.2019,690.00,76.00,95.00,3.00,0.00,7.00,9.00,1.00,1.00,0.00,0.00
662096409,Zuhtupasa ,19.05.2019,690.00,65.00,80.00,3.00,0.00,5.00,10.00,1.00,1.00,0.00,0.00
674304687,Feneryolu ,22.05.2019,690.00,100.00,125.00,4.00,25.00,2.00,7.00,1.00,1.00,0.00,0.00
668010666,Feneryolu ,3.05.2019,695.00,70.00,85.00,3.00,7.00,5.00,8.00,1.00,1.00,0.00,1.00
694268651,Fenerbahce ,20.05.2019,695.00,45.00,55.00,2.00,3.00,0.00,12.00,1.00,0.00,0.00,1.00
659305121,Goztepe ,12.05.2019,695.00,78.00,96.00,3.00,0.00,7.00,9.00,1.00,1.00,0.00,0.00
679290830,Goztepe ,2.05.2019,695.00,68.00,91.00,3.00,0.00,9.00,9.00,1.00,0.00,0.00,0.00
672421380,Goztepe ,18.05.2019,695.00,80.00,95.00,3.00,0.00,7.00,9.00,2.00,1.00,0.00,0.00
693754786,Goztepe ,18.05.2019,695.00,85.00,110.00,3.00,0.00,8.00,9.00,1.00,1.00,0.00,0.00
663649681,Fenerbahce ,18.05.2019,695.00,40.00,50.00,2.00,0.00,1.00,4.00,1.00,1.00,0.00,0.00
660781574,Feneryolu ,16.05.2019,695.00,80.00,100.00,3.00,0.00,7.00,9.00,1.00,1.00,0.00,0.00
660436365,Zuhtupasa ,15.05.2019,695.00,65.00,85.00,3.00,0.00,9.00,11.00,1.00,0.00,0.00,0.00
664269828,Goztepe ,29.05.2019,695.00,86.00,115.00,3.00,0.00,8.00,9.00,2.00,1.00,0.00,0.00
659971256,Goztepe ,22.05.2019,695.00,77.00,95.00,3.00,0.00,7.00,9.00,1.00,1.00,0.00,0.00
692875621,Zuhtupasa ,14.05.2019,695.00,85.00,105.00,3.00,0.00,11.00,11.00,1.00,0.00,0.00,0.00
682375686,Goztepe ,19.05.2019,695.00,85.00,115.00,3.00,0.00,8.00,9.00,1.00,1.00,0.00,0.00
668114183,Goztepe ,22.05.2019,695.00,90.00,115.00,3.00,0.00,8.00,9.00,2.00,1.00,0.00,0.00
656959260,Goztepe ,13.05.2019,695.00,65.00,91.00,3.00,0.00,10.00,10.00,1.00,0.00,0.00,0.00
621545600,Goztepe ,10.05.2019,695.00,76.00,95.00,3.00,0.00,7.00,9.00,1.00,1.00,0.00,0.00
686010306,Goztepe ,21.05.2019,695.00,79.00,105.00,3.00,0.00,8.00,9.00,1.00,1.00,0.00,0.00
680502259,Goztepe ,5.05.2019,698.00,90.00,120.00,4.00,0.00,10.00,10.00,2.00,0.00,0.00,0.00
684967033,Feneryolu ,21.05.2019,700.00,70.00,85.00,3.00,0.00,2.00,7.00,1.00,0.00,0.00,0.00
691110577,Goztepe ,7.05.2019,700.00,90.00,120.00,4.00,0.00,11.00,14.00,2.00,0.00,0.00,0.00
674123673,Goztepe ,19.05.2019,700.00,65.00,70.00,3.00,0.00,6.00,8.00,1.00,0.00,0.00,0.00
438040377,Goztepe ,1.05.2019,700.00,80.00,105.00,3.00,0.00,8.00,9.00,2.00,0.00,0.00,0.00
692848344,Goztepe ,14.05.2019,700.00,80.00,90.00,3.00,1.00,1.00,13.00,1.00,0.00,0.00,0.00
681976415,Goztepe ,9.05.2019,700.00,75.00,90.00,3.00,0.00,8.00,9.00,2.00,1.00,0.00,0.00
693845840,Feneryolu ,18.05.2019,700.00,70.00,100.00,3.00,0.00,2.00,9.00,2.00,1.00,0.00,0.00
652322036,Goztepe ,13.05.2019,700.00,80.00,100.00,4.00,0.00,1.00,7.00,2.00,0.00,0.00,0.00
673880735,Goztepe ,20.05.2019,700.00,75.00,90.00,3.00,1.00,6.00,7.00,1.00,0.00,0.00,0.00
666014151,Goztepe ,3.05.2019,700.00,75.00,100.00,3.00,0.00,1.00,3.00,1.00,0.00,0.00,0.00
627617652,Goztepe ,25.05.2019,700.00,75.00,98.00,4.00,0.00,1.00,7.00,2.00,0.00,0.00,0.00
635880877,Goztepe ,22.05.2019,700.00,73.00,87.00,3.00,0.00,6.00,8.00,1.00,0.00,0.00,0.00
643368294,Goztepe ,21.05.2019,700.00,90.00,115.00,4.00,0.00,11.00,14.00,2.00,0.00,0.00,0.00
549006432,Goztepe ,4.05.2019,700.00,105.00,125.00,4.00,28.00,4.00,7.00,2.00,1.00,0.00,1.00
695699646,Goztepe ,26.05.2019,700.00,90.00,125.00,4.00,0.00,5.00,7.00,1.00,0.00,0.00,0.00
662308951,Goztepe ,3.05.2019,700.00,45.00,59.00,3.00,1.00,3.00,12.00,1.00,1.00,0.00,0.00
640794220,Goztepe ,9.05.2019,700.00,90.00,125.00,4.00,0.00,12.00,14.00,2.00,0.00,0.00,0.00
660808693,Goztepe ,17.05.2019,700.00,65.00,92.00,3.00,0.00,9.00,10.00,1.00,0.00,0.00,0.00
681716873,Goztepe ,11.05.2019,700.00,75.00,105.00,3.00,0.00,9.00,10.00,1.00,1.00,0.00,0.00
696409181,Goztepe ,29.05.2019,700.00,82.00,100.00,3.00,0.00,8.00,9.00,1.00,1.00,0.00,0.00
606568001,Feneryolu ,25.05.2019,700.00,75.00,90.00,3.00,0.00,6.00,8.00,1.00,0.00,0.00,1.00
530380322,Fenerbahce ,23.05.2019,700.00,105.00,125.00,4.00,30.00,1.00,4.00,2.00,1.00,0.00,0.00
662303772,Goztepe ,3.05.2019,700.00,50.00,59.00,3.00,1.00,3.00,12.00,1.00,1.00,0.00,0.00
640790295,Goztepe ,9.05.2019,700.00,90.00,125.00,4.00,0.00,11.00,14.00,2.00,0.00,0.00,0.00
581193695,Feneryolu ,21.06.2018,700.00,75.00,90.00,3.00,0.00,4.00,14.00,1.00,0.00,1.00,0.00
653138814,Feneryolu ,24.05.2019,705.00,77.00,90.00,3.00,0.00,1.00,8.00,2.00,1.00,0.00,0.00
686401314,Goztepe ,21.05.2019,705.00,80.00,110.00,4.00,0.00,11.00,14.00,1.00,0.00,0.00,0.00
696206977,Goztepe ,28.05.2019,705.00,85.00,105.00,4.00,0.00,0.00,5.00,1.00,1.00,0.00,0.00
688180943,Goztepe ,28.05.2019,710.00,70.00,80.00,3.00,4.00,1.00,10.00,1.00,1.00,0.00,1.00
693587113,Fenerbahce ,17.05.2019,710.00,95.00,120.00,3.00,30.00,1.00,4.00,2.00,1.00,0.00,0.00
593439615,Egitim ,2.08.2018,710.00,95.00,125.00,4.00,7.00,4.00,7.00,2.00,1.00,0.00,1.00
691558197,Goztepe ,9.05.2019,710.00,83.00,120.00,3.00,0.00,6.00,12.00,2.00,1.00,0.00,0.00
685657214,Feneryolu ,20.05.2019,710.00,85.00,115.00,3.00,0.00,6.00,11.00,2.00,1.00,0.00,0.00
680208835,Feneryolu ,4.05.2019,715.00,90.00,115.00,4.00,0.00,1.00,6.00,1.00,1.00,0.00,0.00
516069902,Egitim ,8.05.2019,720.00,90.00,100.00,3.00,0.00,8.00,11.00,2.00,1.00,0.00,0.00
682876704,Goztepe ,11.05.2019,720.00,90.00,110.00,4.00,0.00,5.00,8.00,2.00,1.00,0.00,0.00
677756937,Goztepe ,29.05.2019,720.00,80.00,100.00,3.00,0.00,10.00,13.00,1.00,0.00,0.00,0.00
669341363,Zuhtupasa ,21.05.2019,720.00,80.00,90.00,3.00,28.00,4.00,5.00,1.00,1.00,0.00,1.00
687803059,Goztepe ,25.05.2019,720.00,90.00,125.00,4.00,2.00,5.00,8.00,1.00,0.00,0.00,0.00
692068255,Goztepe ,11.05.2019,725.00,72.00,95.00,3.00,0.00,8.00,9.00,1.00,0.00,0.00,0.00
691583974,Goztepe ,9.05.2019,725.00,72.00,95.00,3.00,0.00,8.00,9.00,1.00,0.00,0.00,0.00
677047239,Goztepe ,26.05.2019,725.00,80.00,110.00,4.00,0.00,11.00,14.00,1.00,0.00,0.00,0.00
692136508,Fenerbahce ,11.05.2019,725.00,73.00,80.00,3.00,1.00,0.00,13.00,1.00,1.00,0.00,0.00
669451692,Egitim ,21.05.2019,725.00,95.00,110.00,4.00,0.00,4.00,10.00,1.00,1.00,0.00,0.00
687052211,Goztepe ,27.05.2019,725.00,84.00,115.00,3.00,0.00,6.00,11.00,2.00,1.00,0.00,0.00
410170047,Fenerbahce ,10.05.2018,725.00,80.00,95.00,3.00,1.00,0.00,14.00,1.00,1.00,0.00,0.00
693756612,Goztepe ,18.05.2019,730.00,75.00,100.00,3.00,0.00,11.00,15.00,1.00,0.00,0.00,0.00
682101095,Goztepe ,20.05.2019,730.00,75.00,90.00,3.00,0.00,10.00,15.00,2.00,1.00,0.00,0.00
693746383,Goztepe ,18.05.2019,730.00,72.00,90.00,3.00,0.00,10.00,14.00,1.00,0.00,0.00,0.00
694220094,Goztepe ,20.05.2019,730.00,74.00,90.00,3.00,0.00,10.00,14.00,2.00,0.00,0.00,0.00
693067405,Feneryolu ,15.05.2019,730.00,75.00,90.00,3.00,0.00,6.00,7.00,1.00,0.00,0.00,0.00
696410239,Goztepe ,29.05.2019,730.00,82.00,100.00,3.00,0.00,8.00,9.00,1.00,1.00,0.00,0.00
638760691,Feneryolu ,24.05.2019,730.00,75.00,100.00,3.00,0.00,3.00,10.00,1.00,0.00,0.00,0.00
676805376,Goztepe ,25.05.2019,735.00,85.00,100.00,3.00,0.00,9.00,11.00,2.00,0.00,0.00,1.00
662398263,Goztepe ,25.05.2019,735.00,70.00,100.00,2.00,0.00,0.00,20.00,1.00,1.00,0.00,0.00
650213974,Fenerbahce ,22.05.2019,735.00,90.00,110.00,4.00,30.00,3.00,3.00,1.00,1.00,0.00,0.00
692682165,Fenerbahce ,14.05.2019,735.00,90.00,100.00,4.00,18.00,1.00,4.00,1.00,1.00,0.00,0.00
621236725,Goztepe ,9.05.2019,735.00,85.00,115.00,4.00,0.00,1.00,8.00,2.00,0.00,0.00,0.00
683590941,Fenerbahce ,13.05.2019,735.00,95.00,120.00,4.00,18.00,1.00,3.00,2.00,1.00,0.00,0.00
679458264,Goztepe ,2.05.2019,735.00,110.00,125.00,4.00,4.00,2.00,7.00,2.00,1.00,0.00,0.00
662042647,Goztepe ,17.02.2019,740.00,65.00,91.00,3.00,0.00,6.00,10.00,1.00,0.00,0.00,0.00
692532445,Goztepe ,13.05.2019,740.00,70.00,90.00,3.00,0.00,6.00,7.00,1.00,0.00,0.00,0.00
668503610,Egitim ,8.05.2019,742.00,90.00,125.00,4.00,0.00,8.00,12.00,2.00,0.00,0.00,0.00
646268194,Feneryolu ,12.05.2019,745.00,85.00,115.00,4.00,2.00,1.00,9.00,1.00,0.00,0.00,1.00
693746242,Feneryolu ,18.05.2019,745.00,88.00,125.00,4.00,0.00,6.00,8.00,2.00,0.00,0.00,0.00
668353299,Feneryolu ,5.03.2019,745.00,90.00,100.00,3.00,13.00,11.00,12.00,2.00,1.00,0.00,0.00
695031231,Goztepe ,23.05.2019,745.00,90.00,110.00,3.00,0.00,8.00,7.00,1.00,0.00,0.00,0.00
694301952,Feneryolu ,20.05.2019,745.00,88.00,125.00,4.00,0.00,6.00,8.00,2.00,0.00,0.00,0.00
694358337,Feneryolu ,20.05.2019,745.00,85.00,100.00,3.00,7.00,8.00,12.00,1.00,1.00,0.00,1.00
695127015,Feneryolu ,24.05.2019,745.00,95.00,130.00,4.00,0.00,6.00,9.00,2.00,0.00,0.00,0.00
695843448,Goztepe ,27.05.2019,745.00,72.00,90.00,3.00,0.00,10.00,15.00,1.00,0.00,0.00,0.00
651971030,Feneryolu ,27.05.2019,745.00,82.00,120.00,4.00,0.00,6.00,8.00,1.00,0.00,0.00,0.00
693044573,Feneryolu ,15.05.2019,745.00,85.00,120.00,4.00,0.00,6.00,8.00,2.00,0.00,0.00,0.00
691955060,Goztepe ,10.05.2019,745.00,90.00,110.00,4.00,0.00,7.00,7.00,2.00,0.00,0.00,0.00
693234139,Feneryolu ,16.05.2019,745.00,88.00,125.00,4.00,0.00,6.00,8.00,2.00,0.00,0.00,0.00
625577400,Goztepe ,9.05.2019,748.00,90.00,120.00,4.00,4.00,2.00,7.00,2.00,1.00,0.00,1.00
502111082,Goztepe ,27.05.2019,749.00,87.00,117.00,4.00,4.00,1.00,7.00,1.00,1.00,0.00,1.00
695232631,Feneryolu ,24.05.2019,749.00,90.00,120.00,4.00,0.00,6.00,13.00,2.00,0.00,0.00,0.00
695759293,Goztepe ,26.05.2019,750.00,85.00,110.00,3.00,7.00,11.00,12.00,2.00,1.00,0.00,0.00
693037171,Goztepe ,15.05.2019,750.00,85.00,120.00,3.00,7.00,11.00,12.00,2.00,0.00,0.00,0.00
694306683,Feneryolu ,20.05.2019,750.00,86.00,120.00,3.00,7.00,11.00,12.00,2.00,1.00,0.00,0.00
664042494,Feneryolu ,27.05.2019,750.00,100.00,115.00,3.00,2.00,13.00,13.00,2.00,1.00,0.00,0.00
576984807,Goztepe ,20.05.2019,750.00,95.00,128.00,4.00,0.00,6.00,7.00,1.00,1.00,0.00,0.00
687546075,Fenerbahce ,24.05.2019,750.00,82.00,90.00,3.00,25.00,3.00,8.00,1.00,1.00,0.00,0.00
694247783,Feneryolu ,20.05.2019,750.00,80.00,90.00,3.00,0.00,0.00,9.00,1.00,0.00,0.00,0.00
689652331,Zuhtupasa ,1.05.2019,750.00,82.00,110.00,3.00,0.00,6.00,10.00,2.00,1.00,0.00,0.00
681994938,Feneryolu ,9.05.2019,750.00,70.00,100.00,3.00,0.00,3.00,9.00,2.00,1.00,0.00,0.00
647990737,Feneryolu ,21.05.2019,750.00,90.00,110.00,3.00,7.00,11.00,12.00,2.00,1.00,0.00,0.00
676748212,Goztepe ,2.05.2019,750.00,91.00,91.00,3.00,7.00,6.00,7.00,2.00,1.00,0.00,0.00
685384538,Feneryolu ,18.05.2019,750.00,85.00,100.00,3.00,7.00,8.00,12.00,1.00,0.00,0.00,1.00
691629304,Goztepe ,9.05.2019,750.00,86.00,95.00,3.00,0.00,6.00,8.00,1.00,1.00,0.00,1.00
498518240,Egitim ,2.05.2019,750.00,115.00,120.00,4.00,0.00,3.00,8.00,2.00,1.00,0.00,0.00
622772938,Goztepe ,20.05.2019,750.00,75.00,90.00,3.00,7.00,6.00,12.00,2.00,1.00,0.00,0.00
693564712,Goztepe ,17.05.2019,750.00,72.00,90.00,3.00,0.00,10.00,14.00,1.00,0.00,0.00,0.00
688383177,Feneryolu ,28.05.2019,750.00,65.00,80.00,3.00,1.00,8.00,12.00,1.00,0.00,0.00,0.00
696044858,Goztepe ,28.05.2019,750.00,110.00,130.00,4.00,30.00,3.00,3.00,1.00,1.00,0.00,1.00
693737205,Goztepe ,18.05.2019,750.00,72.00,90.00,3.00,0.00,10.00,13.00,1.00,0.00,0.00,0.00
640897483,Goztepe ,22.05.2019,750.00,100.00,120.00,4.00,28.00,1.00,4.00,1.00,1.00,0.00,1.00
689743978,Goztepe ,1.05.2019,750.00,85.00,105.00,3.00,3.00,4.00,7.00,1.00,0.00,0.00,1.00
694965336,Feneryolu ,23.05.2019,750.00,85.00,120.00,3.00,7.00,11.00,12.00,2.00,1.00,0.00,0.00
642171139,Zuhtupasa ,21.05.2019,750.00,86.00,110.00,3.00,0.00,4.00,8.00,1.00,1.00,0.00,0.00
683527869,Goztepe ,13.05.2019,750.00,99.00,120.00,4.00,30.00,4.00,4.00,1.00,1.00,0.00,1.00
694410152,Goztepe ,21.05.2019,750.00,92.00,120.00,4.00,0.00,6.00,8.00,2.00,0.00,0.00,0.00
681577489,Goztepe ,8.05.2019,750.00,95.00,110.00,3.00,13.00,11.00,12.00,2.00,1.00,0.00,0.00
693055728,Feneryolu ,15.05.2019,750.00,86.00,120.00,3.00,7.00,11.00,12.00,2.00,1.00,0.00,0.00
673479438,Zuhtupasa ,28.05.2019,755.00,90.00,105.00,3.00,0.00,7.00,10.00,2.00,1.00,0.00,0.00
695421053,Zuhtupasa ,25.05.2019,760.00,78.00,107.00,3.00,0.00,3.00,10.00,1.00,1.00,0.00,0.00
631876826,Feneryolu ,13.05.2019,760.00,87.00,120.00,4.00,0.00,6.00,10.00,2.00,0.00,0.00,0.00
696516595,Goztepe ,29.05.2019,765.00,87.00,110.00,3.00,2.00,4.00,10.00,2.00,0.00,0.00,1.00
686037133,Goztepe ,20.05.2019,765.00,88.00,110.00,3.00,2.00,4.00,10.00,2.00,0.00,0.00,1.00
690129230,Goztepe ,3.05.2019,770.00,72.00,95.00,2.00,0.00,10.00,15.00,2.00,0.00,0.00,0.00
692553415,Feneryolu ,13.05.2019,775.00,83.00,110.00,4.00,0.00,2.00,8.00,2.00,0.00,0.00,1.00
692554902,Feneryolu ,13.05.2019,775.00,83.00,110.00,4.00,0.00,2.00,8.00,2.00,0.00,0.00,1.00
614735675,Goztepe ,2.05.2019,775.00,96.00,120.00,3.00,30.00,4.00,4.00,1.00,1.00,0.00,1.00
585126354,Goztepe ,5.07.2018,775.00,100.00,120.00,4.00,0.00,6.00,7.00,1.00,1.00,0.00,0.00
674805239,Fenerbahce ,23.05.2019,775.00,90.00,120.00,4.00,30.00,4.00,4.00,2.00,1.00,0.00,1.00
564409843,Fenerbahce ,11.05.2019,775.00,90.00,110.00,4.00,30.00,0.00,3.00,1.00,0.00,0.00,1.00
616701856,Goztepe ,22.05.2019,775.00,63.00,90.00,3.00,0.00,9.00,10.00,1.00,0.00,0.00,0.00
693277430,Goztepe ,16.05.2019,775.00,70.00,90.00,3.00,0.00,6.00,8.00,1.00,1.00,0.00,0.00
638242948,Feneryolu ,14.05.2019,780.00,90.00,105.00,4.00,3.00,2.00,9.00,2.00,0.00,0.00,1.00
439491782,Feneryolu ,4.05.2019,780.00,75.00,90.00,3.00,0.00,7.00,11.00,1.00,0.00,0.00,1.00
517306644,Feneryolu ,30.05.2019,780.00,90.00,125.00,4.00,7.00,1.00,8.00,1.00,1.00,0.00,1.00
692996407,Feneryolu ,15.05.2019,785.00,85.00,110.00,4.00,0.00,3.00,13.00,1.00,1.00,0.00,0.00
693286623,Feneryolu ,16.05.2019,785.00,84.00,115.00,4.00,0.00,3.00,12.00,1.00,1.00,0.00,0.00
695873533,Goztepe ,27.05.2019,785.00,93.00,125.00,4.00,0.00,5.00,7.00,2.00,0.00,0.00,0.00
692991547,Feneryolu ,15.05.2019,785.00,92.00,125.00,4.00,0.00,1.00,8.00,2.00,0.00,0.00,0.00
692652698,Goztepe ,13.05.2019,785.00,80.00,95.00,3.00,0.00,6.00,8.00,1.00,1.00,0.00,0.00
693739588,Goztepe ,18.05.2019,785.00,93.00,125.00,4.00,0.00,5.00,7.00,2.00,0.00,0.00,0.00
690017312,Goztepe ,2.05.2019,785.00,95.00,125.00,4.00,0.00,5.00,8.00,2.00,0.00,0.00,0.00
634563302,Feneryolu ,14.05.2019,790.00,78.00,108.00,4.00,0.00,3.00,13.00,1.00,1.00,0.00,0.00
670656802,Goztepe ,21.05.2019,790.00,82.00,120.00,3.00,3.00,4.00,13.00,1.00,1.00,0.00,1.00
695851426,Goztepe ,27.05.2019,790.00,75.00,105.00,3.00,2.00,9.00,10.00,1.00,0.00,0.00,1.00
696052558,Goztepe ,28.05.2019,790.00,80.00,110.00,3.00,0.00,12.00,15.00,2.00,0.00,0.00,0.00
690035597,Zuhtupasa ,3.05.2019,790.00,75.00,100.00,3.00,0.00,8.00,10.00,1.00,1.00,0.00,0.00
680499457,Egitim ,9.05.2019,790.00,100.00,125.00,4.00,0.00,6.00,9.00,2.00,1.00,0.00,0.00
671855647,Egitim ,13.05.2019,790.00,95.00,125.00,3.00,3.00,12.00,13.00,2.00,1.00,0.00,1.00
668446032,Zuhtupasa ,10.05.2019,790.00,75.00,100.00,3.00,0.00,8.00,10.00,1.00,1.00,0.00,0.00
680849254,Egitim ,14.05.2019,790.00,100.00,120.00,4.00,13.00,8.00,8.00,1.00,1.00,0.00,1.00
692575272,Feneryolu ,13.05.2019,790.00,75.00,95.00,3.00,0.00,7.00,7.00,2.00,0.00,0.00,0.00
671967866,Goztepe ,8.05.2019,790.00,80.00,110.00,3.00,0.00,12.00,15.00,2.00,0.00,0.00,0.00
610964121,Goztepe ,29.05.2019,790.00,100.00,130.00,4.00,4.00,1.00,6.00,2.00,0.00,0.00,1.00
611814900,Zuhtupasa ,12.05.2019,790.00,75.00,100.00,3.00,0.00,8.00,10.00,1.00,1.00,0.00,0.00
626746912,Goztepe ,1.05.2019,795.00,92.00,120.00,4.00,0.00,1.00,12.00,2.00,0.00,0.00,1.00
690425614,Goztepe ,4.05.2019,795.00,72.00,85.00,3.00,0.00,1.00,12.00,1.00,0.00,0.00,0.00
684371576,Goztepe ,15.04.2019,795.00,90.00,110.00,3.00,0.00,6.00,8.00,1.00,1.00,0.00,0.00
645876356,Goztepe ,16.05.2019,795.00,82.00,92.00,4.00,0.00,1.00,12.00,1.00,1.00,0.00,1.00
695944379,Goztepe ,27.05.2019,795.00,91.00,120.00,4.00,0.00,5.00,7.00,2.00,0.00,0.00,0.00
600672911,Feneryolu ,30.05.2019,795.00,95.00,125.00,4.00,0.00,0.00,8.00,2.00,0.00,1.00,0.00
656953379,Fenerbahce ,7.05.2019,795.00,50.00,65.00,2.00,0.00,1.00,7.00,1.00,0.00,0.00,0.00
691335889,Goztepe ,8.05.2019,795.00,93.00,125.00,3.00,0.00,8.00,9.00,2.00,1.00,0.00,0.00
505587851,Goztepe ,26.05.2019,795.00,85.00,110.00,3.00,0.00,9.00,15.00,2.00,0.00,0.00,0.00
665883345,Goztepe ,29.05.2019,798.00,95.00,120.00,4.00,0.00,2.00,8.00,2.00,0.00,0.00,0.00
692978515,Goztepe ,15.05.2019,800.00,90.00,110.00,3.00,0.00,8.00,10.00,2.00,1.00,0.00,0.00
691557880,Feneryolu ,9.05.2019,800.00,75.00,96.00,3.00,0.00,9.00,10.00,1.00,1.00,0.00,0.00
684037917,Goztepe ,15.04.2019,800.00,78.00,110.00,3.00,0.00,6.00,10.00,1.00,1.00,0.00,1.00
684238701,Goztepe ,16.05.2019,800.00,90.00,120.00,4.00,4.00,5.00,5.00,1.00,1.00,0.00,1.00
670101866,Goztepe ,9.05.2019,800.00,95.00,126.00,3.00,0.00,8.00,9.00,2.00,1.00,0.00,0.00
652374377,Fenerbahce ,27.05.2019,800.00,75.00,100.00,3.00,4.00,0.00,13.00,1.00,1.00,0.00,0.00
686476251,Feneryolu ,21.04.2019,800.00,60.00,90.00,3.00,0.00,4.00,11.00,1.00,0.00,0.00,0.00
662791753,Feneryolu ,20.05.2019,800.00,85.00,110.00,4.00,4.00,9.00,9.00,2.00,1.00,0.00,0.00
629052865,Goztepe ,20.05.2019,800.00,95.00,120.00,4.00,28.00,5.00,12.00,1.00,1.00,0.00,0.00
680107111,Goztepe ,4.05.2019,800.00,90.00,120.00,4.00,0.00,2.00,8.00,2.00,0.00,0.00,0.00
679823066,Goztepe ,3.05.2019,800.00,63.00,85.00,3.00,0.00,5.00,9.00,1.00,0.00,0.00,0.00
525284843,Goztepe ,13.05.2019,800.00,90.00,118.00,4.00,0.00,3.00,7.00,2.00,0.00,0.00,0.00
695488714,Goztepe ,25.05.2019,800.00,90.00,115.00,4.00,0.00,3.00,7.00,2.00,0.00,0.00,0.00
670042669,Zuhtupasa ,11.05.2019,800.00,75.00,105.00,3.00,1.00,2.00,6.00,1.00,1.00,0.00,0.00
672402029,Fenerbahce ,30.05.2019,800.00,110.00,130.00,4.00,28.00,5.00,6.00,1.00,1.00,0.00,1.00
672811719,Goztepe ,15.05.2019,800.00,74.00,100.00,3.00,0.00,7.00,8.00,1.00,1.00,0.00,0.00
617865145,Zuhtupasa ,21.05.2019,810.00,80.00,110.00,3.00,0.00,8.00,10.00,1.00,1.00,0.00,0.00
668459752,Zuhtupasa ,10.05.2019,810.00,80.00,110.00,3.00,0.00,8.00,10.00,1.00,1.00,0.00,0.00
665975199,Feneryolu ,29.05.2019,810.00,95.00,130.00,4.00,3.00,5.00,12.00,2.00,0.00,0.00,1.00
656004632,Zuhtupasa ,10.05.2019,810.00,70.00,100.00,3.00,0.00,3.00,10.00,1.00,1.00,0.00,0.00
652317338,Feneryolu ,13.05.2019,810.00,74.00,97.00,3.00,0.00,2.00,8.00,1.00,1.00,0.00,0.00
688965921,Goztepe ,29.05.2019,815.00,88.00,115.00,4.00,1.00,1.00,13.00,2.00,0.00,0.00,1.00
645902948,Feneryolu ,17.05.2019,820.00,75.00,100.00,3.00,0.00,8.00,11.00,1.00,1.00,0.00,0.00
609448727,Zuhtupasa ,26.05.2019,820.00,90.00,125.00,4.00,7.00,3.00,7.00,1.00,0.00,1.00,1.00
679804858,Feneryolu ,4.05.2019,820.00,76.00,100.00,3.00,1.00,11.00,12.00,1.00,1.00,0.00,0.00
693422267,Goztepe ,17.05.2019,820.00,95.00,120.00,4.00,1.00,2.00,8.00,2.00,0.00,0.00,0.00
693270431,Fenerbahce ,16.05.2019,820.00,80.00,100.00,3.00,0.00,10.00,12.00,1.00,1.00,0.00,0.00
696625662,Egitim ,30.05.2019,820.00,105.00,125.00,4.00,2.00,9.00,12.00,2.00,1.00,0.00,1.00
633537692,Feneryolu ,7.05.2019,825.00,75.00,96.00,3.00,0.00,8.00,11.00,1.00,1.00,0.00,0.00
621242981,Goztepe ,9.05.2019,825.00,90.00,125.00,4.00,0.00,3.00,8.00,2.00,0.00,0.00,0.00
662316723,Zuhtupasa ,21.05.2019,825.00,80.00,100.00,3.00,0.00,10.00,11.00,1.00,0.00,0.00,0.00
657337648,Goztepe ,7.02.2019,825.00,90.00,120.00,4.00,0.00,4.00,7.00,2.00,1.00,0.00,0.00
689077370,Feneryolu ,29.05.2019,825.00,85.00,100.00,3.00,0.00,8.00,10.00,1.00,1.00,0.00,0.00
691628768,Goztepe ,9.05.2019,825.00,65.00,100.00,3.00,1.00,6.00,10.00,1.00,0.00,0.00,0.00
694954594,Goztepe ,23.05.2019,825.00,87.00,125.00,4.00,0.00,2.00,7.00,2.00,0.00,0.00,0.00
686063597,Feneryolu ,21.05.2019,825.00,79.00,105.00,3.00,0.00,10.00,11.00,1.00,1.00,0.00,0.00
692396161,Zuhtupasa ,12.05.2019,825.00,85.00,105.00,3.00,0.00,11.00,11.00,1.00,0.00,0.00,0.00
673941113,Feneryolu ,18.05.2019,825.00,75.00,100.00,3.00,0.00,8.00,10.00,2.00,1.00,0.00,0.00
673939884,Goztepe ,28.05.2019,830.00,100.00,130.00,4.00,1.00,9.00,10.00,2.00,1.00,0.00,0.00
659405319,Goztepe ,12.05.2019,830.00,78.00,101.00,3.00,0.00,4.00,7.00,1.00,0.00,0.00,0.00
695065081,Goztepe ,23.05.2019,830.00,78.00,95.00,3.00,0.00,4.00,7.00,1.00,0.00,0.00,0.00
486082989,Feneryolu ,1.05.2019,830.00,76.00,100.00,3.00,0.00,9.00,11.00,1.00,1.00,0.00,0.00
568536999,Goztepe ,18.05.2019,830.00,90.00,115.00,4.00,1.00,8.00,8.00,2.00,1.00,0.00,0.00
623071415,Feneryolu ,17.05.2019,830.00,85.00,100.00,3.00,4.00,11.00,12.00,2.00,1.00,0.00,1.00
673446211,Feneryolu ,18.05.2019,830.00,76.00,100.00,3.00,1.00,9.00,11.00,1.00,1.00,0.00,0.00
647001262,Goztepe ,24.05.2019,835.00,87.00,110.00,4.00,0.00,4.00,7.00,2.00,1.00,0.00,0.00
680164339,Goztepe ,4.05.2019,835.00,90.00,120.00,4.00,7.00,1.00,8.00,2.00,0.00,0.00,1.00
574403652,Goztepe ,29.05.2019,840.00,80.00,115.00,3.00,0.00,8.00,8.00,1.00,0.00,0.00,0.00
689869356,Goztepe ,2.05.2019,840.00,80.00,100.00,3.00,0.00,8.00,10.00,2.00,0.00,0.00,0.00
427295518,Egitim ,14.05.2019,840.00,90.00,117.00,4.00,0.00,5.00,7.00,1.00,1.00,0.00,0.00
680216927,Goztepe ,5.04.2019,845.00,82.00,104.00,3.00,0.00,4.00,10.00,2.00,1.00,0.00,0.00
694455751,Goztepe ,21.05.2019,845.00,85.00,105.00,3.00,1.00,8.00,8.00,1.00,0.00,0.00,0.00
693267674,Fenerbahce ,16.05.2019,845.00,70.00,90.00,3.00,0.00,3.00,10.00,2.00,0.00,0.00,0.00
689045561,Feneryolu ,29.05.2019,845.00,72.00,93.00,3.00,0.00,9.00,10.00,2.00,1.00,0.00,0.00
609940518,Goztepe ,11.05.2019,845.00,78.00,93.00,3.00,0.00,6.00,10.00,2.00,0.00,0.00,0.00
692952905,Zuhtupasa ,15.05.2019,845.00,90.00,110.00,3.00,4.00,7.00,12.00,2.00,1.00,0.00,1.00
691897561,Goztepe ,10.05.2019,850.00,90.00,123.00,4.00,0.00,5.00,14.00,2.00,1.00,0.00,0.00
621230273,Goztepe ,23.05.2019,850.00,125.00,125.00,4.00,28.00,4.00,4.00,1.00,1.00,0.00,0.00
680245634,Goztepe ,6.05.2019,850.00,90.00,125.00,4.00,0.00,4.00,8.00,2.00,1.00,0.00,0.00
685379079,Feneryolu ,19.05.2019,850.00,80.00,90.00,3.00,0.00,11.00,14.00,1.00,1.00,0.00,0.00
695864325,Hasanpasa ,28.05.2019,850.00,115.00,120.00,4.00,25.00,4.00,5.00,1.00,1.00,0.00,1.00
694453131,Feneryolu ,21.05.2019,850.00,85.00,100.00,3.00,2.00,10.00,11.00,1.00,1.00,0.00,0.00
646629771,Goztepe ,22.05.2019,850.00,75.00,95.00,3.00,0.00,10.00,15.00,2.00,0.00,0.00,0.00
685664176,Goztepe ,19.05.2019,850.00,90.00,115.00,3.00,1.00,4.00,14.00,2.00,0.00,0.00,0.00
677882393,Goztepe ,3.05.2019,850.00,78.00,90.00,3.00,0.00,7.00,8.00,1.00,0.00,0.00,0.00
686053983,Goztepe ,22.05.2019,850.00,82.00,104.00,3.00,0.00,3.00,11.00,2.00,1.00,0.00,0.00
692155146,Goztepe ,11.05.2019,850.00,93.00,125.00,4.00,0.00,5.00,14.00,2.00,0.00,0.00,0.00
556655582,Feneryolu ,20.05.2019,850.00,120.00,120.00,4.00,0.00,0.00,7.00,2.00,1.00,0.00,0.00
677518047,Goztepe ,28.05.2019,850.00,86.00,105.00,4.00,1.00,4.00,8.00,1.00,1.00,0.00,0.00
429347991,Feneryolu ,4.05.2019,850.00,95.00,120.00,3.00,0.00,7.00,10.00,2.00,1.00,0.00,0.00
516229633,Goztepe ,14.10.2018,850.00,76.00,97.00,3.00,0.00,1.00,8.00,1.00,0.00,0.00,0.00
694862244,Goztepe ,22.05.2019,850.00,80.00,100.00,3.00,0.00,6.00,12.00,2.00,0.00,0.00,0.00
677119497,Goztepe ,3.05.2019,850.00,85.00,110.00,3.00,1.00,8.00,8.00,1.00,1.00,0.00,0.00
691559724,Goztepe ,9.05.2019,850.00,90.00,123.00,4.00,0.00,5.00,14.00,2.00,1.00,0.00,0.00
647449804,Goztepe ,15.05.2019,850.00,87.00,102.00,4.00,7.00,6.00,8.00,1.00,1.00,0.00,1.00
693851485,Feneryolu ,18.05.2019,850.00,70.00,100.00,3.00,0.00,9.00,9.00,2.00,1.00,0.00,0.00
553057848,Zuhtupasa ,10.05.2019,860.00,80.00,110.00,3.00,0.00,10.00,10.00,1.00,1.00,0.00,0.00
688206692,Goztepe ,28.05.2019,860.00,100.00,120.00,4.00,0.00,4.00,8.00,2.00,1.00,0.00,0.00
687844322,Goztepe ,27.05.2019,860.00,103.00,130.00,4.00,3.00,4.00,7.00,1.00,0.00,0.00,1.00
668453005,Zuhtupasa ,10.05.2019,860.00,80.00,110.00,3.00,0.00,10.00,10.00,1.00,1.00,0.00,0.00
519890340,Kadikoy,9.05.2019,860.00,60.00,60.00,2.00,0.00,5.00,8.00,1.00,0.00,0.00,0.00
691360171,Goztepe ,8.05.2019,864.00,95.00,120.00,3.00,0.00,8.00,11.00,2.00,1.00,0.00,0.00
689634169,Goztepe ,1.05.2019,865.00,85.00,100.00,3.00,1.00,8.00,12.00,2.00,1.00,0.00,0.00
680479696,Goztepe ,6.05.2019,865.00,85.00,125.00,3.00,1.00,8.00,12.00,2.00,1.00,0.00,0.00
696147659,Goztepe ,28.05.2019,865.00,85.00,110.00,3.00,0.00,8.00,13.00,2.00,1.00,0.00,0.00
657739321,Goztepe ,13.05.2019,865.00,86.00,125.00,3.00,0.00,8.00,14.00,2.00,1.00,0.00,1.00
643742827,Goztepe ,6.05.2019,865.00,95.00,120.00,3.00,1.00,8.00,14.00,2.00,1.00,0.00,1.00
427286974,Egitim ,22.05.2019,870.00,90.00,117.00,4.00,0.00,4.00,7.00,1.00,1.00,0.00,0.00
602117808,Goztepe ,8.05.2019,870.00,94.00,110.00,4.00,0.00,2.00,10.00,2.00,0.00,0.00,0.00
567012083,Egitim ,16.05.2019,870.00,95.00,125.00,4.00,0.00,11.00,13.00,2.00,1.00,0.00,0.00
662756319,Goztepe ,11.05.2019,870.00,85.00,110.00,3.00,0.00,8.00,10.00,2.00,1.00,0.00,0.00
694808731,Goztepe ,22.05.2019,875.00,90.00,110.00,3.00,0.00,2.00,11.00,2.00,0.00,0.00,0.00
694775409,Goztepe ,22.05.2019,875.00,70.00,85.00,3.00,0.00,2.00,11.00,2.00,0.00,0.00,0.00
694566387,Goztepe ,21.05.2019,875.00,103.00,125.00,4.00,0.00,3.00,10.00,2.00,0.00,0.00,0.00
458472040,Goztepe ,27.05.2019,875.00,85.00,99.00,3.00,0.00,7.00,10.00,1.00,1.00,0.00,0.00
696364609,Goztepe ,29.05.2019,875.00,78.00,90.00,3.00,0.00,2.00,10.00,2.00,0.00,0.00,0.00
690492740,Goztepe ,4.05.2019,880.00,95.00,125.00,4.00,0.00,3.00,11.00,2.00,1.00,0.00,0.00
623412337,Goztepe ,30.05.2019,880.00,105.00,125.00,4.00,1.00,5.00,7.00,2.00,1.00,1.00,0.00
662499223,Zuhtupasa ,17.05.2019,880.00,60.00,90.00,3.00,0.00,3.00,12.00,1.00,0.00,0.00,0.00
649163402,Zuhtupasa ,30.05.2019,880.00,80.00,110.00,3.00,30.00,1.00,4.00,1.00,1.00,0.00,0.00
677116922,Goztepe ,3.05.2019,880.00,95.00,115.00,3.00,1.00,8.00,8.00,1.00,1.00,0.00,0.00
665577931,Goztepe ,1.05.2019,885.00,80.00,100.00,3.00,0.00,6.00,12.00,2.00,0.00,0.00,0.00
616856936,Fenerbahce ,27.05.2019,885.00,75.00,85.00,3.00,0.00,3.00,10.00,2.00,0.00,1.00,0.00
670023477,Goztepe ,9.03.2019,890.00,90.00,125.00,4.00,1.00,5.00,13.00,2.00,0.00,0.00,0.00
598046887,Goztepe ,13.05.2019,890.00,80.00,100.00,4.00,0.00,1.00,7.00,1.00,0.00,0.00,0.00
593938539,Fenerbahce ,17.05.2019,890.00,70.00,90.00,3.00,0.00,3.00,12.00,2.00,0.00,0.00,0.00
632510395,Goztepe ,8.05.2019,890.00,90.00,115.00,4.00,0.00,9.00,10.00,2.00,1.00,0.00,0.00
683576726,Feneryolu ,13.05.2019,890.00,100.00,125.00,4.00,0.00,7.00,8.00,2.00,1.00,0.00,0.00
692086267,Goztepe ,11.05.2019,890.00,90.00,115.00,4.00,0.00,9.00,10.00,2.00,1.00,0.00,0.00
665152140,Goztepe ,27.05.2019,895.00,78.00,90.00,4.00,0.00,1.00,7.00,2.00,0.00,0.00,0.00
586362565,Goztepe ,7.05.2019,895.00,78.00,90.00,4.00,0.00,1.00,7.00,2.00,0.00,0.00,0.00
683192492,Goztepe ,12.04.2019,900.00,87.00,125.00,3.00,1.00,8.00,15.00,1.00,0.00,0.00,1.00
692596308,Feneryolu ,13.05.2019,900.00,105.00,115.00,4.00,0.00,6.00,8.00,1.00,0.00,0.00,0.00
690871350,Goztepe ,6.05.2019,900.00,90.00,120.00,4.00,0.00,1.00,10.00,1.00,0.00,0.00,0.00
672439082,Goztepe ,19.05.2019,900.00,85.00,110.00,3.00,0.00,9.00,11.00,1.00,0.00,0.00,0.00
525095454,Goztepe ,9.05.2019,900.00,95.00,125.00,4.00,0.00,7.00,8.00,2.00,0.00,0.00,0.00
692087401,Goztepe ,11.05.2019,900.00,86.00,115.00,4.00,0.00,4.00,7.00,1.00,0.00,0.00,0.00
665517049,Zuhtupasa ,28.05.2019,900.00,110.00,130.00,3.00,7.00,9.00,10.00,1.00,1.00,0.00,1.00
680818538,Goztepe ,7.05.2019,900.00,92.00,118.00,4.00,0.00,1.00,12.00,1.00,0.00,0.00,0.00
694532798,Fenerbahce ,21.05.2019,900.00,100.00,130.00,4.00,0.00,2.00,7.00,2.00,1.00,0.00,0.00
696430619,Goztepe ,29.05.2019,900.00,95.00,120.00,4.00,0.00,8.00,6.00,2.00,0.00,0.00,0.00
649779732,Goztepe ,20.05.2019,900.00,80.00,105.00,3.00,0.00,8.00,10.00,2.00,0.00,0.00,0.00
683194085,Feneryolu ,12.05.2019,910.00,100.00,127.00,4.00,3.00,7.00,10.00,2.00,1.00,0.00,1.00
515064530,Feneryolu ,9.05.2019,920.00,90.00,120.00,4.00,0.00,6.00,12.00,2.00,0.00,0.00,0.00
688064600,Fenerbahce ,26.05.2019,925.00,85.00,115.00,4.00,1.00,1.00,8.00,2.00,0.00,0.00,1.00
685671412,Goztepe ,20.05.2019,930.00,110.00,120.00,4.00,1.00,5.00,12.00,2.00,1.00,1.00,1.00
691859128,Fenerbahce ,10.05.2019,930.00,65.00,85.00,3.00,0.00,3.00,11.00,2.00,0.00,0.00,0.00
681640112,Goztepe ,8.05.2019,935.00,96.00,120.00,4.00,2.00,5.00,9.00,2.00,1.00,0.00,1.00
635230615,Goztepe ,11.05.2019,940.00,85.00,110.00,3.00,0.00,9.00,11.00,2.00,0.00,0.00,0.00
686387404,Goztepe ,22.05.2019,940.00,100.00,125.00,4.00,1.00,9.00,7.00,2.00,1.00,0.00,1.00
686022410,Feneryolu ,22.05.2019,945.00,95.00,122.00,3.00,0.00,9.00,13.00,2.00,1.00,0.00,0.00
682381243,Feneryolu ,16.05.2019,950.00,90.00,120.00,4.00,0.00,6.00,8.00,2.00,0.00,0.00,0.00
674007133,Feneryolu ,18.05.2019,950.00,85.00,121.00,4.00,0.00,10.00,12.00,2.00,0.00,0.00,0.00
693549245,Goztepe ,17.05.2019,950.00,90.00,120.00,4.00,0.00,4.00,8.00,2.00,1.00,0.00,0.00
618689825,Goztepe ,23.05.2019,950.00,95.00,110.00,4.00,0.00,11.00,12.00,1.00,0.00,0.00,0.00
582890006,Fenerbahce ,8.05.2019,950.00,79.00,95.00,4.00,0.00,1.00,4.00,1.00,0.00,0.00,0.00
695197070,Fenerbahce ,24.05.2019,950.00,70.00,85.00,3.00,0.00,3.00,12.00,2.00,0.00,0.00,0.00
676815494,Zuhtupasa ,25.05.2019,950.00,95.00,117.00,3.00,3.00,3.00,9.00,2.00,1.00,0.00,1.00
663233569,Zuhtupasa ,23.05.2019,950.00,82.00,118.00,4.00,2.00,12.00,12.00,2.00,0.00,0.00,0.00
575851588,Goztepe ,3.05.2019,950.00,85.00,91.00,3.00,2.00,8.00,12.00,1.00,1.00,0.00,0.00
575859833,Goztepe ,3.05.2019,950.00,85.00,91.00,3.00,2.00,8.00,12.00,1.00,1.00,0.00,0.00
693567839,Goztepe ,17.05.2019,950.00,90.00,120.00,4.00,0.00,4.00,8.00,2.00,1.00,0.00,0.00
663277759,Zuhtupasa ,22.05.2019,950.00,90.00,125.00,3.00,4.00,11.00,12.00,2.00,1.00,0.00,1.00
585464479,Goztepe ,5.05.2019,950.00,90.00,120.00,4.00,0.00,4.00,8.00,2.00,1.00,0.00,0.00
639903727,Goztepe ,10.05.2019,950.00,85.00,105.00,4.00,0.00,9.00,12.00,2.00,0.00,0.00,0.00
695247408,Goztepe ,26.05.2019,950.00,90.00,120.00,4.00,0.00,4.00,8.00,2.00,1.00,0.00,0.00
695060702,Fenerbahce ,23.05.2019,950.00,95.00,100.00,4.00,28.00,5.00,6.00,1.00,1.00,1.00,1.00
674077434,Feneryolu ,19.05.2019,950.00,77.00,110.00,4.00,0.00,11.00,12.00,2.00,0.00,0.00,0.00
694463381,Feneryolu ,21.05.2019,950.00,100.00,120.00,4.00,0.00,10.00,10.00,2.00,1.00,0.00,0.00
651967045,Fenerbahce ,1.05.2019,956.00,90.00,105.00,3.00,2.00,9.00,10.00,1.00,0.00,0.00,0.00
650596973,Fenerbahce ,23.05.2019,960.00,80.00,110.00,3.00,0.00,8.00,11.00,1.00,0.00,0.00,0.00
692655161,Zuhtupasa ,13.05.2019,960.00,105.00,125.00,4.00,0.00,8.00,10.00,2.00,0.00,0.00,0.00
619374159,Zuhtupasa ,25.05.2019,960.00,87.00,110.00,4.00,0.00,2.00,4.00,2.00,0.00,0.00,0.00
692024285,Goztepe ,11.05.2019,960.00,90.00,120.00,4.00,0.00,9.00,9.00,1.00,0.00,0.00,0.00
691373542,Zuhtupasa ,8.05.2019,960.00,94.00,127.00,4.00,3.00,1.00,8.00,1.00,0.00,0.00,0.00
640258863,Feneryolu ,28.05.2019,960.00,100.00,130.00,4.00,0.00,8.00,9.00,2.00,0.00,0.00,0.00
627676991,Feneryolu ,27.05.2019,965.00,100.00,125.00,4.00,2.00,9.00,13.00,2.00,0.00,0.00,0.00
691353879,Feneryolu ,8.05.2019,965.00,95.00,125.00,4.00,0.00,6.00,14.00,2.00,1.00,0.00,0.00
694008879,Feneryolu ,19.05.2019,965.00,95.00,125.00,4.00,0.00,6.00,14.00,2.00,1.00,0.00,0.00
693169806,Goztepe ,16.05.2019,965.00,90.00,120.00,4.00,0.00,4.00,8.00,2.00,1.00,0.00,0.00
682793453,Goztepe ,13.05.2019,970.00,95.00,120.00,4.00,0.00,5.00,7.00,2.00,0.00,0.00,0.00
688507275,Goztepe ,28.05.2019,970.00,100.00,130.00,4.00,0.00,9.00,9.00,1.00,0.00,0.00,0.00
685063339,Feneryolu ,17.05.2019,970.00,90.00,120.00,4.00,0.00,9.00,10.00,1.00,1.00,0.00,0.00
689622060,Fenerbahce ,1.05.2019,975.00,85.00,110.00,3.00,0.00,9.00,10.00,1.00,0.00,0.00,0.00
528242990,Goztepe ,8.05.2019,975.00,98.00,125.00,4.00,0.00,6.00,6.00,1.00,0.00,0.00,0.00
681582944,Goztepe ,19.05.2019,975.00,100.00,128.00,4.00,0.00,9.00,9.00,1.00,0.00,0.00,0.00
675267252,Goztepe ,5.05.2019,975.00,80.00,110.00,4.00,0.00,9.00,12.00,2.00,0.00,0.00,0.00
642126313,Goztepe ,9.05.2019,975.00,85.00,110.00,3.00,0.00,9.00,11.00,1.00,0.00,0.00,0.00
590905373,Fenerbahce ,22.05.2019,975.00,105.00,125.00,4.00,7.00,1.00,9.00,2.00,1.00,1.00,0.00
637844768,Goztepe ,4.05.2019,975.00,85.00,110.00,3.00,0.00,9.00,11.00,1.00,0.00,0.00,0.00
661039051,Goztepe ,17.05.2019,975.00,85.00,110.00,4.00,0.00,10.00,12.00,2.00,0.00,0.00,0.00
691569335,Feneryolu ,9.05.2019,980.00,90.00,120.00,4.00,0.00,9.00,10.00,1.00,1.00,0.00,0.00
669012336,Goztepe ,9.05.2019,980.00,90.00,115.00,4.00,2.00,8.00,8.00,2.00,1.00,0.00,0.00
495993078,Fenerbahce ,22.05.2019,980.00,97.00,125.00,4.00,0.00,3.00,10.00,2.00,1.00,1.00,0.00
665114023,Goztepe ,14.05.2019,980.00,100.00,120.00,4.00,3.00,3.00,7.00,2.00,1.00,0.00,1.00
597759722,Goztepe ,28.05.2019,985.00,91.00,127.00,4.00,1.00,13.00,15.00,2.00,0.00,0.00,0.00
600108472,Goztepe ,8.05.2019,990.00,82.00,92.00,4.00,0.00,11.00,12.00,2.00,1.00,0.00,0.00
666046806,Fenerbahce ,28.05.2019,990.00,100.00,130.00,4.00,0.00,1.00,4.00,1.00,1.00,0.00,0.00
669662161,Goztepe ,8.05.2019,990.00,82.00,92.00,4.00,0.00,10.00,12.00,1.00,1.00,0.00,0.00
600110176,Goztepe ,8.05.2019,990.00,82.00,92.00,4.00,0.00,10.00,12.00,2.00,1.00,0.00,0.00
683634706,Feneryolu ,15.05.2019,990.00,97.00,120.00,4.00,0.00,8.00,11.00,2.00,1.00,0.00,0.00
680582942,Feneryolu ,10.05.2019,990.00,65.00,80.00,3.00,0.00,5.00,5.00,1.00,0.00,0.00,0.00
696144683,Goztepe ,28.05.2019,990.00,85.00,120.00,3.00,0.00,9.00,11.00,2.00,0.00,0.00,0.00
619637338,Feneryolu ,3.05.2019,990.00,85.00,121.00,4.00,0.00,3.00,13.00,2.00,0.00,0.00,0.00
567923218,Zuhtupasa ,4.05.2019,990.00,95.00,120.00,4.00,0.00,10.00,14.00,2.00,1.00,0.00,0.00
638296782,Goztepe ,20.05.2019,990.00,85.00,120.00,3.00,0.00,9.00,11.00,2.00,0.00,0.00,0.00
556898542,Feneryolu ,24.05.2019,995.00,93.00,120.00,4.00,0.00,7.00,8.00,2.00,1.00,1.00,0.00
576677347,Goztepe ,3.05.2019,995.00,85.00,115.00,4.00,0.00,4.00,8.00,2.00,1.00,0.00,0.00
454134796,Goztepe ,11.05.2019,995.00,90.00,125.00,4.00,0.00,3.00,8.00,2.00,0.00,0.00,0.00
664446429,Goztepe ,25.05.2019,995.00,90.00,125.00,4.00,0.00,3.00,8.00,2.00,0.00,0.00,0.00
653184357,Zuhtupasa ,10.05.2019,995.00,92.00,120.00,4.00,0.00,7.00,8.00,2.00,1.00,0.00,0.00
588517908,Goztepe ,20.05.2019,995.00,95.00,125.00,4.00,0.00,3.00,8.00,2.00,0.00,0.00,0.00
647747208,Feneryolu ,24.05.2019,995.00,95.00,120.00,4.00,0.00,7.00,8.00,2.00,1.00,0.00,0.00
678665369,Fenerbahce ,3.05.2019,1000.00,100.00,125.00,4.00,0.00,4.00,11.00,2.00,0.00,0.00,0.00
458370588,Feneryolu ,30.05.2019,1000.00,97.00,120.00,4.00,0.00,10.00,10.00,2.00,1.00,0.00,0.00
631883718,Goztepe ,14.05.2019,1000.00,98.00,118.00,4.00,0.00,12.00,13.00,1.00,0.00,0.00,0.00
649465644,Goztepe ,16.05.2019,1000.00,90.00,110.00,4.00,0.00,7.00,12.00,2.00,0.00,0.00,0.00
618683911,Goztepe ,23.05.2019,1000.00,90.00,120.00,4.00,0.00,11.00,12.00,1.00,0.00,0.00,0.00
690896540,Zuhtupasa ,6.05.2019,1000.00,95.00,126.00,4.00,0.00,4.00,8.00,2.00,1.00,0.00,0.00
616503660,Goztepe ,7.05.2019,1000.00,71.00,80.00,2.00,30.00,3.00,8.00,1.00,0.00,1.00,1.00
692372712,Goztepe ,12.05.2019,1000.00,80.00,105.00,4.00,7.00,5.00,7.00,2.00,0.00,0.00,0.00
695214882,Goztepe ,24.05.2019,1000.00,96.00,130.00,4.00,4.00,1.00,11.00,2.00,0.00,0.00,1.00
629189548,Zuhtupasa ,27.05.2019,1000.00,100.00,130.00,4.00,0.00,1.00,4.00,2.00,0.00,0.00,0.00
669795954,Goztepe ,10.05.2019,1025.00,100.00,120.00,4.00,2.00,10.00,10.00,1.00,1.00,0.00,1.00
640804082,Feneryolu ,20.05.2019,1050.00,94.00,115.00,4.00,0.00,9.00,9.00,2.00,1.00,0.00,0.00
582325401,Goztepe ,10.05.2019,1050.00,100.00,120.00,4.00,0.00,10.00,10.00,1.00,1.00,0.00,0.00
650559576,Fenerbahce ,26.05.2019,1050.00,90.00,120.00,4.00,0.00,1.00,11.00,1.00,1.00,0.00,0.00
678508603,Goztepe ,15.05.2019,1050.00,95.00,123.00,4.00,0.00,0.00,7.00,2.00,0.00,0.00,0.00
689925097,Fenerbahce ,2.05.2019,1050.00,65.00,85.00,3.00,0.00,1.00,4.00,2.00,1.00,0.00,0.00
602974847,Goztepe ,22.05.2019,1050.00,100.00,130.00,4.00,0.00,9.00,15.00,1.00,1.00,0.00,0.00
669786852,Goztepe ,10.05.2019,1050.00,100.00,120.00,4.00,2.00,10.00,10.00,1.00,1.00,0.00,1.00
563462303,Zuhtupasa ,23.05.2019,1050.00,96.00,125.00,4.00,0.00,10.00,14.00,2.00,1.00,0.00,0.00
652382663,Fenerbahce ,27.05.2019,1050.00,75.00,100.00,3.00,4.00,1.00,13.00,1.00,1.00,0.00,0.00
602987662,Feneryolu ,13.05.2019,1050.00,97.00,120.00,4.00,1.00,2.00,12.00,2.00,1.00,0.00,0.00
690747252,Goztepe ,5.05.2019,1050.00,93.00,125.00,4.00,0.00,9.00,8.00,0.00,0.00,0.00,0.00
693323296,Goztepe ,16.05.2019,1050.00,90.00,125.00,4.00,1.00,7.00,9.00,2.00,0.00,0.00,1.00
696206242,Goztepe ,28.05.2019,1055.00,105.00,130.00,4.00,1.00,11.00,14.00,2.00,1.00,0.00,0.00
695890410,Zuhtupasa ,27.05.2019,1065.00,105.00,130.00,4.00,1.00,7.00,8.00,2.00,1.00,0.00,0.00
694517158,Zuhtupasa ,21.05.2019,1070.00,100.00,125.00,4.00,0.00,7.00,8.00,2.00,1.00,0.00,0.00
644165885,Goztepe ,7.05.2019,1075.00,100.00,126.00,4.00,1.00,7.00,8.00,2.00,1.00,0.00,0.00
687262352,Goztepe ,24.05.2019,1075.00,90.00,115.00,4.00,2.00,9.00,15.00,1.00,1.00,0.00,0.00
694085262,Goztepe ,19.05.2019,1080.00,97.00,125.00,4.00,0.00,2.00,14.00,2.00,1.00,0.00,0.00
682778121,Goztepe ,13.05.2019,1085.00,95.00,110.00,4.00,0.00,6.00,12.00,2.00,0.00,0.00,0.00
679287637,Goztepe ,20.05.2019,1095.00,97.00,115.00,4.00,0.00,6.00,12.00,2.00,1.00,0.00,0.00
516237351,Goztepe ,11.10.2018,1100.00,96.00,120.00,4.00,0.00,8.00,8.00,2.00,1.00,0.00,0.00
661919764,Zuhtupasa ,25.05.2019,1100.00,100.00,120.00,3.00,0.00,9.00,10.00,2.00,1.00,0.00,0.00
694537998,Fenerbahce ,21.05.2019,1100.00,100.00,120.00,4.00,28.00,1.00,4.00,2.00,1.00,0.00,0.00
694518792,Zuhtupasa ,21.05.2019,1100.00,100.00,125.00,4.00,0.00,8.00,8.00,2.00,1.00,0.00,0.00
645769080,Feneryolu ,18.05.2019,1100.00,95.00,125.00,4.00,7.00,6.00,8.00,2.00,0.00,0.00,0.00
666239205,Zuhtupasa ,20.05.2019,1100.00,100.00,110.00,3.00,0.00,9.00,10.00,2.00,1.00,1.00,0.00
660788824,Zuhtupasa ,20.05.2019,1100.00,90.00,120.00,3.00,0.00,7.00,10.00,2.00,1.00,1.00,0.00
690188753,Goztepe ,3.05.2019,1100.00,87.00,110.00,4.00,0.00,1.00,7.00,2.00,1.00,0.00,0.00
671951574,Zuhtupasa ,27.05.2019,1100.00,90.00,110.00,3.00,0.00,9.00,10.00,2.00,1.00,1.00,0.00
695877287,Goztepe ,27.05.2019,1100.00,102.00,130.00,4.00,0.00,7.00,8.00,2.00,0.00,0.00,0.00
694500564,Zuhtupasa ,21.05.2019,1100.00,100.00,125.00,4.00,0.00,8.00,8.00,2.00,1.00,0.00,0.00
692058394,Zuhtupasa ,11.05.2019,1100.00,90.00,110.00,3.00,0.00,8.00,10.00,2.00,1.00,0.00,0.00
536308012,Goztepe ,22.05.2019,1100.00,100.00,130.00,4.00,0.00,8.00,9.00,2.00,0.00,0.00,0.00
661097473,Fenerbahce ,15.02.2019,1100.00,80.00,101.00,3.00,2.00,0.00,10.00,1.00,1.00,0.00,1.00
696404868,Goztepe ,29.05.2019,1150.00,90.00,110.00,4.00,4.00,9.00,15.00,1.00,1.00,0.00,0.00
693724159,Goztepe ,18.05.2019,1150.00,103.00,125.00,4.00,0.00,9.00,11.00,2.00,1.00,0.00,0.00
658264807,Feneryolu ,16.05.2019,1150.00,100.00,120.00,4.00,0.00,8.00,15.00,2.00,1.00,0.00,0.00
690100676,Goztepe ,3.05.2019,1150.00,100.00,120.00,4.00,0.00,12.00,14.00,2.00,0.00,0.00,0.00
677877886,Fenerbahce ,29.05.2019,1150.00,80.00,110.00,3.00,0.00,11.00,12.00,2.00,0.00,0.00,0.00
674108116,Goztepe ,19.05.2019,1150.00,95.00,120.00,4.00,0.00,13.00,14.00,1.00,0.00,0.00,0.00
668409340,Fenerbahce ,15.05.2019,1150.00,80.00,110.00,3.00,0.00,11.00,12.00,2.00,0.00,0.00,0.00
693561113,Fenerbahce ,17.05.2019,1150.00,85.00,110.00,3.00,0.00,9.00,10.00,1.00,1.00,0.00,0.00
695205646,Fenerbahce ,24.05.2019,1150.00,80.00,110.00,3.00,0.00,11.00,12.00,2.00,0.00,0.00,0.00
673430547,Fenerbahce ,6.05.2019,1150.00,80.00,110.00,3.00,0.00,11.00,12.00,2.00,0.00,0.00,0.00
584937403,Fenerbahce ,22.05.2019,1150.00,100.00,125.00,4.00,30.00,1.00,3.00,1.00,1.00,0.00,1.00
689440154,Goztepe ,30.05.2019,1150.00,91.00,120.00,4.00,0.00,9.00,11.00,2.00,1.00,0.00,0.00
665933013,Fenerbahce ,21.05.2019,1150.00,80.00,110.00,3.00,0.00,11.00,12.00,2.00,0.00,0.00,0.00
695040522,Fenerbahce ,27.05.2019,1199.00,80.00,110.00,4.00,2.00,5.00,12.00,1.00,1.00,0.00,0.00
664453340,Goztepe ,28.05.2019,1200.00,110.00,130.00,5.00,0.00,8.00,8.00,2.00,1.00,0.00,0.00
616633690,Feneryolu ,26.05.2019,1200.00,90.00,120.00,4.00,0.00,4.00,5.00,2.00,0.00,0.00,0.00
673958432,Fenerbahce ,20.05.2019,1200.00,90.00,110.00,4.00,0.00,9.00,10.00,2.00,0.00,0.00,0.00
601451796,Goztepe ,24.05.2019,1200.00,90.00,100.00,2.00,0.00,1.00,7.00,2.00,0.00,0.00,0.00
685089549,Goztepe ,18.05.2019,1200.00,95.00,125.00,4.00,0.00,8.00,9.00,2.00,0.00,0.00,0.00
692097412,Goztepe ,11.05.2019,1200.00,85.00,110.00,4.00,0.00,6.00,7.00,2.00,0.00,0.00,0.00
632444916,Fenerbahce ,11.05.2019,1210.00,95.00,115.00,4.00,3.00,3.00,6.00,2.00,1.00,0.00,1.00
680476021,Fenerbahce ,18.05.2019,1220.00,95.00,120.00,4.00,2.00,6.00,14.00,1.00,1.00,0.00,0.00
672836149,Fenerbahce ,19.05.2019,1220.00,90.00,110.00,4.00,0.00,6.00,13.00,1.00,1.00,0.00,0.00
330768339,Feneryolu ,27.05.2019,1220.00,107.00,125.00,4.00,0.00,11.00,15.00,2.00,1.00,1.00,0.00
696430798,Fenerbahce ,29.05.2019,1225.00,100.00,130.00,4.00,0.00,2.00,3.00,2.00,1.00,0.00,0.00
676706583,Goztepe ,26.05.2019,1230.00,100.00,120.00,4.00,0.00,3.00,14.00,2.00,1.00,0.00,0.00
681632763,Feneryolu ,13.05.2019,1245.00,100.00,115.00,4.00,0.00,3.00,9.00,2.00,1.00,0.00,0.00
689114906,Zuhtupasa ,29.05.2019,1250.00,97.00,120.00,4.00,3.00,1.00,3.00,2.00,1.00,0.00,0.00
656823183,Fenerbahce ,6.05.2019,1250.00,80.00,100.00,3.00,13.00,3.00,11.00,1.00,0.00,0.00,1.00
691073378,Goztepe ,7.05.2019,1250.00,100.00,125.00,4.00,0.00,8.00,10.00,2.00,1.00,0.00,0.00
695443201,Goztepe ,25.05.2019,1250.00,120.00,120.00,4.00,7.00,6.00,6.00,3.00,1.00,0.00,0.00
614131122,Goztepe ,13.05.2019,1250.00,92.00,125.00,4.00,0.00,10.00,13.00,2.00,0.00,0.00,0.00
635583509,Goztepe ,12.05.2019,1250.00,82.00,120.00,4.00,0.00,7.00,11.00,2.00,0.00,0.00,0.00
632537557,Goztepe ,9.05.2019,1250.00,75.00,95.00,2.00,0.00,8.00,8.00,2.00,1.00,1.00,0.00
682774227,Feneryolu ,12.05.2019,1290.00,92.00,120.00,4.00,0.00,6.00,14.00,2.00,0.00,0.00,0.00
674911691,Zuhtupasa ,22.05.2019,1295.00,100.00,120.00,4.00,0.00,8.00,8.00,2.00,1.00,0.00,0.00
652352689,Fenerbahce ,27.05.2019,1295.00,100.00,120.00,4.00,1.00,3.00,11.00,2.00,0.00,0.00,1.00
686740724,Fenerbahce ,23.05.2019,1295.00,98.00,129.00,4.00,0.00,3.00,11.00,2.00,0.00,0.00,1.00
615396803,Fenerbahce ,15.05.2019,1299.00,68.00,90.00,3.00,0.00,4.00,2.00,2.00,1.00,1.00,0.00
651920557,Fenerbahce ,13.05.2019,1300.00,108.00,127.00,4.00,0.00,7.00,7.00,2.00,1.00,0.00,0.00
661523404,Fenerbahce ,17.05.2019,1300.00,100.00,120.00,4.00,13.00,6.00,10.00,1.00,0.00,0.00,0.00
665562152,Feneryolu ,6.05.2019,1300.00,94.00,115.00,4.00,0.00,9.00,9.00,2.00,1.00,0.00,0.00
650712099,Fenerbahce ,29.05.2019,1320.00,80.00,100.00,3.00,0.00,11.00,11.00,1.00,1.00,0.00,0.00
696156758,Fenerbahce ,28.05.2019,1320.00,80.00,100.00,3.00,0.00,11.00,11.00,1.00,1.00,0.00,0.00
633121725,Fenerbahce ,8.05.2019,1325.00,96.00,129.00,4.00,1.00,1.00,11.00,2.00,0.00,0.00,0.00
567138786,Fenerbahce ,21.02.2019,1350.00,100.00,110.00,4.00,0.00,3.00,8.00,2.00,1.00,0.00,1.00
664201337,Goztepe ,24.05.2019,1350.00,105.00,125.00,4.00,1.00,12.00,14.00,2.00,1.00,0.00,1.00
637785652,Fenerbahce ,19.05.2019,1350.00,100.00,115.00,4.00,2.00,3.00,11.00,2.00,1.00,0.00,1.00
662485658,Feneryolu ,20.05.2019,1400.00,89.00,123.00,4.00,0.00,1.00,20.00,2.00,0.00,0.00,0.00
614754306,Fenerbahce ,1.05.2019,1400.00,105.00,125.00,4.00,0.00,5.00,12.00,2.00,0.00,0.00,0.00
625523114,Fenerbahce ,15.05.2019,1400.00,79.00,105.00,3.00,7.00,6.00,9.00,2.00,0.00,0.00,1.00
658211393,Fenerbahce ,14.05.2019,1400.00,105.00,120.00,3.00,25.00,9.00,9.00,1.00,1.00,0.00,1.00
666787403,Fenerbahce ,22.05.2019,1400.00,105.00,125.00,4.00,0.00,9.00,11.00,2.00,1.00,0.00,0.00
548178925,Fenerbahce ,24.05.2019,1400.00,70.00,90.00,3.00,7.00,6.00,8.00,2.00,1.00,0.00,0.00
695080631,Fenerbahce ,23.05.2019,1470.00,100.00,125.00,4.00,0.00,4.00,12.00,2.00,0.00,0.00,0.00
687230096,Fenerbahce ,24.05.2019,1475.00,100.00,125.00,4.00,30.00,4.00,8.00,1.00,1.00,0.00,0.00
642897964,Feneryolu ,21.05.2019,1490.00,92.00,126.00,4.00,0.00,2.00,15.00,2.00,0.00,0.00,0.00
696422443,Feneryolu ,29.05.2019,1495.00,100.00,130.00,4.00,0.00,5.00,14.00,2.00,1.00,0.00,0.00
691572301,Fenerbahce ,9.05.2019,1495.00,92.00,115.00,4.00,0.00,8.00,8.00,2.00,1.00,0.00,0.00
664543356,Fenerbahce ,27.05.2019,1500.00,105.00,125.00,4.00,30.00,3.00,4.00,1.00,1.00,0.00,1.00
693280893,Fenerbahce ,16.05.2019,1500.00,90.00,110.00,4.00,2.00,4.00,11.00,2.00,0.00,0.00,0.00
602097821,Fenerbahce ,10.05.2019,1500.00,108.00,127.00,4.00,1.00,7.00,7.00,2.00,1.00,0.00,0.00
689664129,Fenerbahce ,1.05.2019,1500.00,108.00,127.00,4.00,1.00,7.00,7.00,2.00,1.00,0.00,0.00
656514459,Fenerbahce ,29.05.2019,1500.00,108.00,130.00,4.00,0.00,7.00,7.00,2.00,1.00,0.00,0.00
632187773,Fenerbahce ,2.05.2019,1560.00,105.00,105.00,4.00,4.00,10.00,15.00,1.00,0.00,0.00,0.00
691572525,Fenerbahce ,9.05.2019,1560.00,105.00,120.00,4.00,4.00,10.00,15.00,1.00,0.00,0.00,0.00
684294955,Feneryolu ,15.05.2019,1585.00,95.00,128.00,4.00,0.00,8.00,14.00,2.00,1.00,0.00,0.00
681659580,Fenerbahce ,8.05.2019,1650.00,98.00,115.00,4.00,0.00,8.00,8.00,2.00,1.00,0.00,1.00
693722729,Goztepe ,18.05.2019,1650.00,102.00,129.00,4.00,0.00,13.00,14.00,2.00,1.00,0.00,0.00
635418391,Fenerbahce ,29.05.2019,1650.00,100.00,120.00,4.00,0.00,2.00,3.00,2.00,1.00,0.00,0.00
679758885,Feneryolu ,6.05.2019,1700.00,117.00,128.00,3.00,30.00,2.00,2.00,1.00,1.00,0.00,0.00
622187403,Fenerbahce ,14.05.2019,1750.00,85.00,90.00,3.00,0.00,1.00,12.00,1.00,1.00,0.00,0.00
692145552,Feneryolu ,11.05.2019,1800.00,100.00,125.00,4.00,0.00,12.00,13.00,2.00,0.00,0.00,0.00
692137201,Feneryolu ,12.05.2019,1800.00,100.00,125.00,4.00,0.00,12.00,13.00,2.00,0.00,0.00,0.00
690404985,Fenerbahce ,4.05.2019,1875.00,100.00,120.00,4.00,0.00,1.00,3.00,1.00,1.00,0.00,0.00
549382351,Fenerbahce ,16.05.2019,1900.00,110.00,110.00,4.00,0.00,12.00,12.00,2.00,1.00,0.00,0.00
691898040,Fenerbahce ,10.05.2019,1950.00,90.00,120.00,4.00,0.00,5.00,10.00,2.00,0.00,0.00,0.00
634388272,Fenerbahce ,27.05.2019,1990.00,118.00,130.00,4.00,0.00,11.00,11.00,2.00,1.00,0.00,0.00
680089145,Fenerbahce ,4.05.2019,2100.00,90.00,120.00,4.00,0.00,9.00,10.00,2.00,0.00,0.00,0.00
611715397,Feneryolu ,3.10.2018,2200.00,90.00,100.00,4.00,0.00,7.00,14.00,1.00,0.00,0.00,0.00
630015488,Fenerbahce ,27.11.2018,2450.00,120.00,125.00,4.00,0.00,1.00,14.00,2.00,1.00,0.00,1.00
678624672,Goztepe ,31.03.2019,3000.00,100.00,125.00,4.00,3.00,4.00,7.00,2.00,0.00,0.00,0.00
624929732,Fenerbahce ,12.05.2019,4150.00,95.00,114.00,4.00,0.00,14.00,14.00,2.00,1.00,1.00,0.00
